/*
MySQL Data Transfer
Source Host: localhost
Source Database: zjuhz_info
Target Host: localhost
Target Database: zjuhz_info
Date: 2008-4-8 22:59:12
*/

SET FOREIGN_KEY_CHECKS=0;
-- ----------------------------
-- Table structure for tbl_category
-- ----------------------------
CREATE TABLE `tbl_category` (
  `category_id` int(10) unsigned NOT NULL auto_increment,
  `category_icon` char(50) NOT NULL,
  `category_name` char(100) NOT NULL,
  `category_pub` tinyint(1) NOT NULL default '0',
  PRIMARY KEY  (`category_id`),
  UNIQUE KEY `cate_name` (`category_name`)
) ENGINE=MyISAM AUTO_INCREMENT=13 DEFAULT CHARSET=utf8;

-- ----------------------------
-- Table structure for tbl_comment
-- ----------------------------
CREATE TABLE `tbl_comment` (
  `comment_id` int(10) unsigned NOT NULL auto_increment,
  `comment_user_id` int(11) NOT NULL,
  `comment_time` int(11) NOT NULL,
  `comment_content` text NOT NULL,
  PRIMARY KEY  (`comment_id`)
) ENGINE=MyISAM DEFAULT CHARSET=utf8;

-- ----------------------------
-- Table structure for tbl_entity
-- ----------------------------
CREATE TABLE `tbl_entity` (
  `entity_id` int(10) unsigned NOT NULL auto_increment,
  `category_id` int(11) NOT NULL,
  `entity_title` char(100) NOT NULL,
  `user_id` int(11) NOT NULL,
  `entity_view_num` int(11) NOT NULL default '0',
  `entity_pub_time` int(11) default '0',
  `entity_mod_time` int(11) default '0',
  `entity_content` text NOT NULL,
  `entity_tag` tinytext,
  `entity_pub` tinyint(1) NOT NULL default '0',
  PRIMARY KEY  (`entity_id`),
  UNIQUE KEY `entity_title` (`entity_title`)
) ENGINE=MyISAM AUTO_INCREMENT=25 DEFAULT CHARSET=utf8;

-- ----------------------------
-- Table structure for tbl_user
-- ----------------------------
CREATE TABLE `tbl_user` (
  `user_id` int(10) unsigned NOT NULL auto_increment,
  `user_name` char(50) NOT NULL,
  `user_password` char(32) NOT NULL,
  `user_role` char(20) NOT NULL,
  `user_power` text,
  PRIMARY KEY  (`user_id`)
) ENGINE=MyISAM AUTO_INCREMENT=13 DEFAULT CHARSET=utf8;

-- ----------------------------
-- Records 
-- ----------------------------
INSERT INTO `tbl_category` VALUES ('1', 'radio', '浙大动态', '1');
INSERT INTO `tbl_category` VALUES ('2', 'page_white_world', '各地校友动态', '1');
INSERT INTO `tbl_category` VALUES ('9', 'anchor', '杭州校友会动态', '1');
INSERT INTO `tbl_category` VALUES ('10', 'group', '校友互助信息', '0');
INSERT INTO `tbl_category` VALUES ('11', 'rainbow', '校友企业展示', '0');
INSERT INTO `tbl_category` VALUES ('12', 'talk', '校友访谈', '0');
INSERT INTO `tbl_entity` VALUES ('4', '1', '浙大助小山村引来国家级科技项目', '1', '36', '1205305320', '1207643520', '<div style=\\\"text-align: justify; text-indent: 2em;\\\">今年初，地处浙西南山区的龙泉市安仁镇项边村，一个只有1400余总人口的小山村，成了国家科技部启动的首批120个新农村建设科技示范村（试点）之一。\r\n作为浙江大学龙泉市现代农业技术合作推广中心的村级服务点，依靠浙江大学的技术支撑，项边村引来了首个国家级科技项目。日前,该项目在当地正式启动. <font size=\\\"2\\\"><br></font><font size=\\\"2\\\"><br>&nbsp;&nbsp;&nbsp; 项边村是被称为“中国黑木耳第一乡”的安仁镇的中心村，该村70%的农户从事食用菌生产，60%的村民总收入也来自食用菌生产，异地种植黑木耳已达全国\r\n16个省（市），具有典型的“一村一品”的产业特色。2007年6月，浙江大学龙泉市现代农业技术合作推广中心成立，项边村被列为中心的村级服务点，由浙\r\n大教授担任首席专家引导该村食用菌产业的发展。目前，在浙大专家教授的指导下，当地农户成立了省内首个村级菌种研究所、省内首个黑木耳合作社，打下了良好\r\n的科技示范基础。 </font><font size=\\\"2\\\"><br></font><font size=\\\"2\\\"><br>&nbsp;&nbsp;&nbsp; 据介绍，“项边村新农村建设科技示范（试点）”项目将以浙江大学为主要技术依托单位，探索远郊山区食用菌产业循环发展的模式，为浙江西南山区乃至我国东南\r\n沿海欠发达山区的新农村建设提供示范。项目计划通过采用当地工业主导产业——木制玩具业的加工废弃物（木屑）、速生菇木林及经济林的修剪枝条等作为黑木耳\r\n生产原料，达到原料供给与生态保护的动态平衡。同时，开展废菌棒资源化多层次利用，生产生态有机肥、园艺基质及生物有机饲料，减少农业面源污染，实现生态\r\n食用菌（黑木耳）循环产业链。 <br></font><font size=\\\"2\\\"><br></font>&nbsp;&nbsp;&nbsp; 新农村建设科技示范（试点）工作由国家科技部启动实施，旨在充分发挥科技在社会主义新农村建设中的示范导向作用，推动一批依靠科技创新建设社会主义新农村\r\n的示范，实现“富民、惠民”。示范（试点）以五年计划为周期，项目实施期限原则为2-3年。今年是第一批，共启动了73个新农村建设科技示范乡镇（试\r\n点）、120个新农村建设科技示范村（试点）。浙江省共有6个乡镇、村列入试点，以浙江大学为主要技术依托单位的有3个。另外两个是：绍兴市诸暨市山下湖\r\n镇和衢州市龙游县模环乡钱家村。</div>', '科技项目,浙大', '0');
INSERT INTO `tbl_entity` VALUES ('6', '1', '浙大大学英语教学中心被评为“全国三八红旗集体”', '1', '8', '1205305500', '1205377380', '<font style=\\\"text-indent: 2em;\\\" size=\\\"2\\\">&nbsp;&nbsp;&nbsp; 日前，从有关部门获悉，浙江大学外国语言文化与国际交流学院大学英语教学中心被评为“全国三八红旗集体”，浙大材化学院高分子复合材料研究所副所长陈红征教授被评为浙江省“三八红旗手”。 <br><br>&nbsp;&nbsp;&nbsp; 大学英语教学中心是一个以女性占绝大多数的团队，承担着浙大全校23,000余名本科生的大学英语教学任务。她们长期坚持教学改革，在全国率先提出了“以\r\n学生为中心”的主题教学模式，编写出版了后被评为国家级精品教材的配套教材——《新编大学英语》系列教材，全国有600多所院校、近200万在校生使用该\r\n教材；她们主动关注学生生理、心理健康成长，组织学生开展第二课堂活动，成为学生的良师益友；她们积极投身社会主义新农村建设，先后对长兴县、安吉县\r\n1000余名中小学英语教师进行了培训；她们还承担了“浙江省政府门户网站英文版内容建设及维护服务”项目，每天完成千余字的动态新闻翻译工作。近年来，\r\n该团队中有三分之一以上的教师曾获得各类优秀教师奖，多人次被评为“教书育人”先进个人。 <br><br>&nbsp;&nbsp;&nbsp; 陈红征教授长期坚持工作在教学、科研第一线。她不断钻研教学业务，为本科生和研究生传授知识，得到学生的一致好评。先后获得浙江大学优秀班主任、浙江大学\r\n先进工作者，浙江省工会“事业家庭兼顾型”先进个人称号；她先后参与和负责20多项国内外重大科研基金项目，在著名学术刊物发表SCI收录论文120多\r\n篇，获国家授权发明专利4项,\r\n获国家教委科技进步三等奖1项，在有机光电功能材料、有机复合半导体材料与器件，以及新型结构纳米材料的制备与功能化方面取得突出成果。 <br><br>&nbsp;&nbsp;&nbsp; 三八红旗手（先进集体）的评选是全国妇联开展的一项历史悠久的活动，主要是表彰为社会主义建设及为所在行业和单位做出杰出贡献的妇女同志。此前，浙江大学\r\n教育学院妇女研究中心、浙一医院周建英教授分别获得2004年“全国三八红旗集体” 和2003年全国三八红旗手称号。</font>', '浙大', '0');
INSERT INTO `tbl_entity` VALUES ('7', '2', '锐军校友的小闺女在中国之声主持《小喇叭》节目了，真牛！', '2', '0', '1205305620', '0', '<div style=\\\"text-indent: 2em;\\\">以下是北京校友会副秘书长陈锐军学长的贴。能有这么可爱能干的小女儿，实在是有福之人啊！<br><br>==============================================<br>小女儿陈馨悦喜欢朗诵，去年开始在中央人民广播电台参加小主持人培训班学习，成绩突出，音色甜美，很受老师喜欢。最近老师安排她参加了《小喇叭》节目主持，参加音乐广播剧录制。<br><br>昨天晚上，中央人民广播电台《小喇叭》节目播放了她主持的一期节目，全家人围坐一起听着孩子的声音，通过无线电波传到天涯海角……<br><br>看到孩子健康成长，做父亲的我，忍不住落泪了……<br><br>有兴趣的校友，可以在线听听这期节目！<br>==============================================<br><br>大家可以通过访问下面帖子来在线收听节目<br><a href=\\\"http://www.zuaa.cn/bbs/ShowPost.asp?ThreadID=8843\\\" target=\\\"_blank\\\">http://www.zuaa.cn/bbs/ShowPost.asp?ThreadID=8843</a></div>', null, '0');
INSERT INTO `tbl_entity` VALUES ('8', '1', '浙江动态测试1', '1', '1', '120530522', '0', '今年初，地处浙西南山区的龙泉市安仁镇项边村，一个只有1400余总人口的小山村，成了国家科技部启动的首批120个新农村建设科技示范村（试点）之一。作为浙江大学龙泉市现代农业技术合作推广中心的村级服务点，依靠浙江大学的技术支撑，项边村引来了首个国家级科技项目。日前,该项目在当地正式启动.\r\n\r\n    项边村是被称为“中国黑木耳第一乡”的安仁镇的中心村，该村70%的农户从事食用菌生产，60%的村民总收入也来自食用菌生产，异地种植黑木耳已达全国 16个省（市），具有典型的“一村一品”的产业特色。2007年6月，浙江大学龙泉市现代农业技术合作推广中心成立，项边村被列为中心的村级服务点，由浙大教授担任首席专家引导该村食用菌产业的发展。目前，在浙大专家教授的指导下，当地农户成立了省内首个村级菌种研究所、省内首个黑木耳合作社，打下了良好的科技示范基础。\r\n\r\n    据介绍，“项边村新农村建设科技示范（试点）”项目将以浙江大学为主要技术依托单位，探索远郊山区食用菌产业循环发展的模式，为浙江西南山区乃至我国东南沿海欠发达山区的新农村建设提供示范。项目计划通过采用当地工业主导产业——木制玩具业的加工废弃物（木屑）、速生菇木林及经济林的修剪枝条等作为黑木耳生产原料，达到原料供给与生态保护的动态平衡。同时，开展废菌棒资源化多层次利用，生产生态有机肥、园艺基质及生物有机饲料，减少农业面源污染，实现生态食用菌（黑木耳）循环产业链。\r\n\r\n    新农村建设科技示范（试点）工作由国家科技部启动实施，旨在充分发挥科技在社会主义新农村建设中的示范导向作用，推动一批依靠科技创新建设社会主义新农村的示范，实现“富民、惠民”。示范（试点）以五年计划为周期，项目实施期限原则为2-3年。今年是第一批，共启动了73个新农村建设科技示范乡镇（试点）、120个新农村建设科技示范村（试点）。浙江省共有6个乡镇、村列入试点，以浙江大学为主要技术依托单位的有3个。另外两个是：绍兴市诸暨市山下湖镇和衢州市龙游县模环乡钱家村。', '测试,浙大', '0');
INSERT INTO `tbl_entity` VALUES ('9', '1', '西部最佳：科比-布莱恩特(湖人)', '2', '5', '1207626060', '0', '<p>　　科比-布莱恩特上周帮助湖人队取得3连胜，而且三个对手均是来自西部的球队(开拓者、<a href=\\\"http://nba.sports.sina.com.cn/team/Mavericks.shtml\\\" target=\\\"_blank\\\" class=\\\"akey\\\">小牛</a>和国王)。科比上周场均得到30分，9.3个篮板球和6次助攻。作为一名后卫，场均近10个篮板球已是不可多得，然而科比在外线同样是难以阻挡，他上周的三分命中率居然高达68.8%(17投11中)。目前湖人队战绩为53胜24负，已经追平了马刺队位居西部第二。</p>\r\n<p>　　科比上周表现回顾：</p>\r\n<p>　　4月2日胜开拓者：36分，13篮板，7助攻，3抢断；</p>\r\n<p>　　4月4日胜小牛：25分，10篮板，6助攻；</p>\r\n<p>　　4月6日胜国王：29分，5篮板，5助攻，2抢断。</p>\r\n<p>　　<strong>其他获得提名的球员有：</strong>活塞队的罗德尼-斯塔基，黄蜂队的克里斯-保罗，76人队的安德烈-伊戈达拉，国王队的凯文-马丁，猛龙队的拉索-内斯特洛维奇，爵士队的德隆-威廉姆斯和小牛队的德克-诺维茨基。其中，诺维茨基是在腿伤未痊愈的情况下被迫复出。他回来之后，小牛连克勇士与<a href=\\\"http://nba.sports.sina.com.cn/team/Suns.shtml\\\" target=\\\"_blank\\\" class=\\\"akey\\\">太阳</a>，保住了当时摇摇欲坠的西部季后赛名额。</p>', null, '0');
INSERT INTO `tbl_entity` VALUES ('10', '1', 'MySQL事务处理和锁定语句', '2', '15', '1207637880', '0', '<pre><span>START TRANSACTION | BEGIN [WORK]</span></pre>\r\n			<pre><span>COMMIT [WORK] [AND [NO] CHAIN] [[NO] RELEASE]</span></pre>\r\n			<pre><span>ROLLBACK [WORK] [AND [NO] CHAIN] [[NO] RELEASE]</span></pre>\r\n			<pre><span>SET AUTOCOMMIT = {0 | 1}</span></pre>\r\n			<p><span>START TRANSACTION</span>或<span>BEGIN</span>语句可以开始一项新的事务。<span>COMMIT</span>可以提交当前事务，是变更成为永久变更。<span>ROLLBACK</span>可以\r\n			回滚当前事务，取消其变更。<span>SET \r\n			AUTOCOMMIT</span>语句可以禁用或启用默认的<span>autocommit</span>模式，用于当前连接。</p>\r\n			<p>自选的<span>WORK</span>关键词被支持，用于<span>COMMIT</span>和<span>RELEASE</span>，与<span>CHAIN</span>和<span>RELEASE</span>子句。<span>CHAIN</span>和<span>RELEASE</span>可以被用于对事务完成进行附加控制。<span>Completion_type</span>系统变量的值决定了默认完成的性质。请参见<a href=\\\"http://dev.mysql.com/doc/refman/5.1/zh/database-administration.html#server-system-variables\\\" title=\\\"5.3.3.&nbsp;Server System Variables\\\">5.3.3节，“服务器系统变量”</a>。</p>\r\n			<p><span>AND CHAIN</span>子句会在当前事务结束时，立刻启动一个新事务，并且新事务与刚结束的事务有相同的隔离等级。<span>RELEASE</span>子句在终止了当前事务后，会让服务器断开与当前客户端的连接。包含<span>NO</span>关键词可以抑制<span>CHAIN</span>或<span>RELEASE</span>完成。如果<span>completion_type</span>系统变量被设置为一定的值，使连锁或释放完成可以默认进行，此时<span>NO</span>关键词有用。</p>\r\n			<p>默认情况下，<span>MySQL</span>采用<span>autocommit</span>模式运行。这意味着，当您执行一个用于更新（修改）表的语句之后，<span>MySQL</span>立刻把更新存储到磁盘中。</p>\r\n			<p>如果您正在使用一个事务安全型的存储引擎（如<span>InnoDB, BDB</span>或<span>NDB</span>簇），则您可以使用以下语句禁用<span>autocommit</span>模式：</p>\r\n			<pre><span>SET AUTOCOMMIT=0;</span></pre>\r\n			<p>通过把<span>AUTOCOMMIT</span>变量设置为零，禁用<span>autocommit</span>模式之后，您必须使用<span>COMMIT</span>把变更存储到磁盘中，或着如果您想要忽略从事务开始进行以来做出的变更，使用<span>ROLLBACK</span>。</p>\r\n			<p>如果您想要对于一个单一系列的语句禁用<span>autocommit</span>模式，则您可以使用<span>START \r\n			TRANSACTION</span>语句：</p>\r\n			<pre><span>START TRANSACTION;</span></pre>\r\n			<pre><span>SELECT @A:=SUM(salary) FROM table1 WHERE type=1;</span></pre>\r\n			<pre><span>UPDATE table2 SET summary=@A WHERE type=1;</span></pre>\r\n			<pre><span>COMMIT;</span></pre>\r\n			<p>使用<span>START TRANSACTION</span>，<span>autocommit</span>仍然被禁用，直到您使用<span>COMMIT</span>或<span>ROLLBACK</span>结束事务为止。然后<span>autocommit</span>模式恢复到原来的状态。</p>\r\n			<p><span>BEGIN</span>和<span>BEGIN WORK</span>被作为<span>START \r\n			TRANSACTION</span>的别名受到支持，用于对事务进行初始化。<span>START \r\n			TRANSACTION</span>是标准的<span>SQL</span>语法，并且是启动一个<span>ad-hoc</span>事务的推荐方法。<span>BEGIN</span>语句与<span>BEGIN</span>关键词的使用不同。<span>BEGIN</span>关键词可以启动一个<span>BEGIN...END</span>复合语句。后者不会开始一项事务。请参见<a href=\\\"http://dev.mysql.com/doc/refman/5.1/zh/stored-procedures.html#begin-end\\\" title=\\\"20.2.7.&nbsp;BEGIN ... END Compound Statement\\\">20.2.7节，“BEGIN \r\n		... END复合语句”</a>。</p>\r\n			<p>您也可以按照如下方法开始一项事务：</p>\r\n			<pre><span>START TRANSACTION WITH CONSISTENT SNAPSHOT;</span></pre>\r\n			<p><span>WITH CONSISTENT SNAPSHOT</span>子句用于启动一个一致的读取，用于具有此类功能的存储引擎。目前，该子句只适用于<span>InnoDB</span>。该子句的效果与发布一个<span>START \r\n			TRANSACTION</span>，后面跟一个来自任何<span>InnoDB</span>表的<span>SELECT</span>的效果一样。请参见<a href=\\\"http://dev.mysql.com/doc/refman/5.1/zh/storage-engines.html#innodb-consistent-read\\\" title=\\\"15.2.10.4.&nbsp;Consistent Non-Locking Read\\\">15.2.10.4节，“一致的非锁定读”</a>。</p>', '语句,mysql,事务处理', '0');
INSERT INTO `tbl_entity` VALUES ('16', '1', '会造成隐式提交的语句', '2', '0', '1207637880', '0', '<p>以下语句（以及同义词）均隐含地结束一个事务，似乎是在执行本语句前，您已经进行了一个<span>COMMIT</span>。</p>\r\n			<p>\r\n			<span>·<span>&nbsp;&nbsp;&nbsp;&nbsp;&nbsp;&nbsp;&nbsp;&nbsp;\r\n			</span></span><span>ALTER \r\n			FUNCTION</span><span>,\r\n			<span>ALTER PROCEDURE</span>,\r\n			<span>ALTER TABLE</span>,\r\n			<span>BEGIN</span>,\r\n			<span>CREATE DATABASE</span>,\r\n			<span>CREATE FUNCTION</span>,\r\n			<span>CREATE INDEX</span>,\r\n			<span>CREATE PROCEDURE</span>,\r\n			<span>CREATE TABLE</span>,\r\n			<span>DROP DATABASE</span>,\r\n			<span>DROP FUNCTION</span>,\r\n			<span>DROP INDEX</span>,\r\n			<span>DROP PROCEDURE</span>,\r\n			<span>DROP TABLE</span>,\r\n			<span>LOAD MASTER DATA</span>,\r\n			<span>LOCK TABLES</span>,\r\n			<span>RENAME TABLE</span>,\r\n			<span>SET AUTOCOMMIT=1</span>,\r\n			<span>START TRANSACTION</span>,\r\n			<span>TRUNCATE TABLE</span>,\r\n			<span>UNLOCK TABLES</span>. </span></p>\r\n			<p>\r\n			<span>·<span>&nbsp;&nbsp;&nbsp;&nbsp;&nbsp;&nbsp;&nbsp;&nbsp;\r\n			</span></span>当当前所有的表均被锁定时，<span>UNLOCK TABLES</span>可以提交事务。</p>\r\n			<p>\r\n			<span>·<span>&nbsp;&nbsp;&nbsp;&nbsp;&nbsp;&nbsp;&nbsp;&nbsp;\r\n			</span></span><span>CREATE \r\n			TABLE</span><span>, <span>\r\n			CREATE DATABASE</span> <span>DROP DATABASE</span>,\r\n			<span>TRUNCATE TABLE</span>,\r\n			<span>ALTER FUNCTION</span>,\r\n			<span>ALTER PROCEDURE</span>,\r\n			<span>CREATE FUNCTION</span>,\r\n			<span>CREATE PROCEDURE</span>,\r\n			<span>DROP FUNCTION</span></span>和<span><span>DROP \r\n			PROCEDURE</span>等语句会导致一个隐含提交。</span></p>\r\n			<p>\r\n			<span>·<span>&nbsp;&nbsp;&nbsp;&nbsp;&nbsp;&nbsp;&nbsp;&nbsp;\r\n			</span></span><span>InnoDB</span>中的<span>CREATE \r\n			TABLE</span>语句被作为一个单一事务进行处理。这意味着，来自用户的<span>ROLLBACK</span>不会撤销用户在事务处理过程中创建的<span>CREATE \r\n			TABLE</span>语句。</p>\r\n			<p>事务不能被嵌套。这是隐含<span>COMMIT</span>的结果。当您发布一个<span>START \r\n			TRANSACTION</span>语句或其同义词时，该<span>COMMIT</span>被执行，用于任何当前事务。</p>', '语句,mysql,事务处理', '0');
INSERT INTO `tbl_entity` VALUES ('17', '9', '校友总会关于进一步做好110周年校庆相关工作的通知', '1', '5', '1207662660', '0', '&nbsp;&nbsp;<SPAN class=TextContent>各地校友会：<BR>&nbsp;&nbsp;&nbsp; 自去年底校友总会下发关于《做好建校110周年庆祝活动相关筹备工作的通知》以来，各地校友会纷纷行动起来，正在按照有关要求积极筹划、开展工作、组织活动，在海内外营造求是学子同庆母校华诞的喜庆氛围，有力地支持了母校和总会的工作。随着110周年校庆的临近，为了进一步配合学校把校庆工作开展好，现将有关具体工作及要求进一步强调如下：<BR>&nbsp;&nbsp;&nbsp; 一、关于校友信息数据库。各地校友会要抓紧收集校友信息，按照总会制订的统一格式标准（见附件）建立校友电子信息库（通讯录）。同时，考虑到近年来部分地方校友会人员及机构有所变动，为了便于更好地联系沟通，请各地方校友会将理事会组织机构成员名单及联系方式整理汇总，与校友电子信息库一起，于2007年4月底前报送校友总会秘书处办公室。<BR>&nbsp;&nbsp;&nbsp; 二、关于校友返校。学校鼓励各地校友积极参与在海内外各地分散举行的各类庆祝活动，同时欢迎广大校友返校参加校庆活动。考虑届时返校校友人数众多，为更好地安排好接待工作，学校规定凡校友返校，直接与毕业时系科专业所对应的学院联系。如各地校友会组织校友以组团形式返校的，请事先与校友总会秘书处办公室联系登记，并于4月底前报送返校成员名单、联系方式及毕业时的院系专业等，以便届时妥善联系安排返回各自学院报到并参加学院安排的活动。<BR>&nbsp;&nbsp;&nbsp; 三、关于各地校友同庆活动。当前，海内外一些地方校友会已经组织当地校友举行了各种形式的庆祝活动庆贺母校110周年华诞，更多的地方校友会庆祝活动已经筹备完成或正在筹划之中，希望各地校友会尽早向校友总会秘书处报送有关活动信息（活动录像光盘或文字报道、活动计划等），以便总会及时做好相关宣传以及安排学校领导或有关人员参加各地庆祝活动等工作。<BR>&nbsp;&nbsp;&nbsp; 四、关于贺信贺电、捐赠组织等。各地校友会要尽早做好本级校友会以及广大校友祝贺母校110周年华诞的贺信、贺电的组织工作，广泛征集并及时报送校友们对母校的一句赠言；充分发动广大校友捐赠办学经费或史料、文物、书籍等实物以表达对母校的赤子之情，为母校欢庆活动增色添彩。&nbsp;<BR><BR><BR><BR><BR>&nbsp;&nbsp;&nbsp;&nbsp;&nbsp;&nbsp;&nbsp;&nbsp;&nbsp;&nbsp;&nbsp;&nbsp;&nbsp;&nbsp;&nbsp;&nbsp;&nbsp;&nbsp;&nbsp;&nbsp;&nbsp;&nbsp;&nbsp;&nbsp;&nbsp;&nbsp;&nbsp;&nbsp;&nbsp;&nbsp;&nbsp;&nbsp;&nbsp;&nbsp;&nbsp;&nbsp;&nbsp;&nbsp;&nbsp;&nbsp;&nbsp;&nbsp;&nbsp;&nbsp;&nbsp;&nbsp;&nbsp;&nbsp;&nbsp;&nbsp;&nbsp;&nbsp;&nbsp;&nbsp;&nbsp;&nbsp;&nbsp;&nbsp;&nbsp;&nbsp;&nbsp;&nbsp;&nbsp;&nbsp;&nbsp;&nbsp;&nbsp;&nbsp;&nbsp;&nbsp;&nbsp;&nbsp;&nbsp;&nbsp;&nbsp;&nbsp;&nbsp;&nbsp;&nbsp;&nbsp;&nbsp; 浙江大学校友总会 <BR>&nbsp;&nbsp;&nbsp;&nbsp;&nbsp;&nbsp;&nbsp;&nbsp;&nbsp;&nbsp;&nbsp;&nbsp;&nbsp;&nbsp;&nbsp;&nbsp;&nbsp;&nbsp;&nbsp;&nbsp;&nbsp;&nbsp;&nbsp;&nbsp;&nbsp;&nbsp;&nbsp;&nbsp;&nbsp;&nbsp;&nbsp;&nbsp;&nbsp;&nbsp;&nbsp;&nbsp;&nbsp;&nbsp;&nbsp;&nbsp;&nbsp;&nbsp;&nbsp;&nbsp;&nbsp;&nbsp;&nbsp;&nbsp;&nbsp;&nbsp;&nbsp;&nbsp;&nbsp;&nbsp;&nbsp;&nbsp;&nbsp;&nbsp;&nbsp;&nbsp;&nbsp;&nbsp;&nbsp;&nbsp;&nbsp;&nbsp;&nbsp;&nbsp;&nbsp;&nbsp;&nbsp;&nbsp;&nbsp;&nbsp;&nbsp;&nbsp;&nbsp;&nbsp;&nbsp;&nbsp;&nbsp;&nbsp;&nbsp;&nbsp; 2007年3月6日<BR></SPAN>', '校友总会,110周年,校庆', '0');
INSERT INTO `tbl_entity` VALUES ('18', '9', '浙江大学校友总会首聘2007届校友联络员', '1', '6', '1207662660', '0', '&nbsp;&nbsp;&nbsp;&nbsp; 2007年6月25日，浙江大学2007届校友地区联络员聘任仪式在灵峰山庄金秀厅举行。浙江大学常务副校长、浙江大学校友总会常务副会长倪明江教授，北美校友会旧金山地区校友会前会长乔建民校友，无锡浙大校友会副会长黄华顺校友，无锡浙大校友会副会长兼秘书长龚利汀校友出席了聘任仪式。浙江大学发展联络办主任、浙江大学校友总会秘书长张美凤老师主持了仪式。<BR>&nbsp;&nbsp;&nbsp; 倪明江常务副校长在讲话中向各位同学顺利完成学业表示祝贺，并勉励各位校友联络员积极支持和参与当地的校友会工作，把同一地区的本届校友联络好、组织好、团结好，携手向前，共同发展。随后，倪校长为北京、天津、上海、河南、山东、宁夏、四川、重庆、福建、广东、江苏、安徽、浙江、香港、北美地区共40余位同学一一颁发了2007届校友地区联络员聘书，并与同学们合影留念。<BR>&nbsp;&nbsp;&nbsp; 乔建民、黄华顺、龚利汀校友作为各地校友会会长代表热烈欢迎学弟学妹们加入校友会事业。学长们以身说法，激励同学们要发扬浙大的求是精神，发挥自己的能力，为母校的发展、为校友们事业的发展做出贡献。<BR>&nbsp;&nbsp;&nbsp; 郑剑辉、胡骏同学代表全体校友联络员发言，他们表示一定尽心尽力做好本地区的校友工作，向学长们学习，发展校友、联络校友、帮助校友，不辜负母校期望。<BR>&nbsp;&nbsp;&nbsp; 在应届毕业生中聘任校友联络员，在浙江大学校友总会历史上是第一次。总会除了聘任49位地区联络员，还在24个学院各毕业班同学中聘任了约400位班级联络员。地区联络员的主要职责是积极参与当地校友会的工作，发挥助手作用，负责联络本届在当地就业的浙大毕业生，架构起与校友总会、当地校友会、本届当地就业校友的联络与交流的桥梁。班级联络员的主要职责是负责联络本班同学，保持与各学院与校友总会的信息联络。校友总会希望通过条块结合的校友联络员体制，更好地团结凝聚每一届毕业生，为浙大校友信息网络的构建打下更为扎实的基础。<BR><BR>\r\n<P align=center><IMG style=\\\"WIDTH: 500px; HEIGHT: 333px\\\" alt=\\\"\\\" src=\\\"http://zuaa.zju.edu.cn/upload/news/2007-06-26_13-26-05.jpg\\\" border=0><BR>浙江大学常务副校长、校友总会常务副会长倪明江讲话<BR><BR></P>\r\n<P align=center><IMG style=\\\"WIDTH: 500px; HEIGHT: 333px\\\" alt=\\\"\\\" src=\\\"http://zuaa.zju.edu.cn/upload/news/2007-06-26_13-28-13.jpg\\\" border=0><BR>校友总会秘书长张美凤主持聘任仪式</P>\r\n<P align=center><IMG style=\\\"WIDTH: 500px; HEIGHT: 333px\\\" alt=\\\"\\\" src=\\\"http://zuaa.zju.edu.cn/upload/news/2007-06-26_13-29-16.jpg\\\" border=0><BR>倪明江常务副校长向即将奔赴全球各地的校友联络员们颁发聘书<BR><BR></P>\r\n<P align=center><IMG style=\\\"WIDTH: 500px; HEIGHT: 333px\\\" alt=\\\"\\\" src=\\\"http://zuaa.zju.edu.cn/upload/news/2007-06-26_13-35-37.jpg\\\" border=0><BR>倪明江常务副校长与部分校友联络员合影</P>\r\n<P align=center><IMG style=\\\"WIDTH: 500px; HEIGHT: 333px\\\" alt=\\\"\\\" src=\\\"http://zuaa.zju.edu.cn/upload/news/2007-06-26_13-36-19.jpg\\\" border=0><BR>北美校友会旧金山地区校友会前会长乔建民讲话<BR><BR></P>\r\n<P align=center><IMG style=\\\"WIDTH: 500px; HEIGHT: 333px\\\" alt=\\\"\\\" src=\\\"http://zuaa.zju.edu.cn/upload/news/2007-06-26_13-37-51.jpg\\\" border=0><BR>无锡浙大校友会副会长兼秘书长龚利汀讲话<BR><BR></P>\r\n<P align=center><IMG style=\\\"WIDTH: 500px; HEIGHT: 333px\\\" alt=\\\"\\\" src=\\\"http://zuaa.zju.edu.cn/upload/news/2007-06-26_13-38-16.jpg\\\" border=0><BR>无锡浙大校友会副会长黄华顺讲话<BR><BR></P>\r\n<P align=center><IMG style=\\\"WIDTH: 500px; HEIGHT: 333px\\\" alt=\\\"\\\" src=\\\"http://zuaa.zju.edu.cn/upload/news/2007-06-26_13-38-47.jpg\\\" border=0><BR>校友联络员代表郑剑辉发言<BR><BR></P>\r\n<P align=center><IMG style=\\\"WIDTH: 500px; HEIGHT: 333px\\\" alt=\\\"\\\" src=\\\"http://zuaa.zju.edu.cn/upload/news/2007-06-27_10-31-15.jpg\\\" border=0><BR>校友联络员代表胡骏发言<BR></P>', '联络员,校友,校友总会', '0');
INSERT INTO `tbl_entity` VALUES ('19', '1', '关于建立校友信息库的通知', '1', '0', '1207662660', '0', '<DIV>&nbsp;&nbsp;&nbsp; 为庆祝浙江大学建校110周年，母校校友总会发出通知，要求各地校友会在四月以前收集电子版校友通讯录，并希望各位校友撰写一句对母校表达祝福、期望、建议、思念的赠言。</DIV>\r\n<DIV>江西校友会在二月初就部署这二项工作。由于相当多的校友通讯地址有变动，收不到已邮寄的通知，现将《校友通讯录统一格式标准》刊登于本期《浙大江西校友通讯》和《江西校友会网站》上。请尚未填写此表格的校友，务必在四月十日前填写清楚，并写好一句赠言，发回江西校友会邮箱：<A href=\\\"mailto:zdjxxyh@jiangxi.gov.cn\\\"><FONT size=4>zdjxxyh@jiangxi.gov.cn</FONT></A></DIV>\r\n<DIV><FONT size=4></FONT>&nbsp;</DIV>\r\n<DIV>&nbsp;</DIV>\r\n<DIV>&nbsp;&nbsp;&nbsp;&nbsp;&nbsp;&nbsp;&nbsp;&nbsp;&nbsp;&nbsp;&nbsp;&nbsp;&nbsp;&nbsp;&nbsp;&nbsp;&nbsp;&nbsp;&nbsp;&nbsp;&nbsp;&nbsp;&nbsp;&nbsp;&nbsp;&nbsp;&nbsp;&nbsp;&nbsp;&nbsp;&nbsp;&nbsp;&nbsp;&nbsp;&nbsp;&nbsp;&nbsp;&nbsp;&nbsp;&nbsp;&nbsp;&nbsp;&nbsp;&nbsp;&nbsp;&nbsp;&nbsp;&nbsp;&nbsp;&nbsp;&nbsp;&nbsp;&nbsp;&nbsp;&nbsp;&nbsp;&nbsp;&nbsp;&nbsp;&nbsp;&nbsp;&nbsp;&nbsp;&nbsp;&nbsp;&nbsp;&nbsp;&nbsp;&nbsp;&nbsp;&nbsp;&nbsp;&nbsp;&nbsp;&nbsp;&nbsp;&nbsp;&nbsp;&nbsp;&nbsp;&nbsp;&nbsp;&nbsp;&nbsp;&nbsp;&nbsp;&nbsp;&nbsp;&nbsp;&nbsp; 浙江大学江西校友会秘书处</DIV>\r\n<DIV>&nbsp;&nbsp;&nbsp;&nbsp;&nbsp;&nbsp;&nbsp;&nbsp;&nbsp;&nbsp;&nbsp;&nbsp;&nbsp;&nbsp;&nbsp;&nbsp;&nbsp;&nbsp;&nbsp;&nbsp;&nbsp;&nbsp;&nbsp;&nbsp;&nbsp;&nbsp;&nbsp;&nbsp;&nbsp;&nbsp;&nbsp;&nbsp;&nbsp;&nbsp;&nbsp;&nbsp;&nbsp;&nbsp;&nbsp;&nbsp;&nbsp;&nbsp;&nbsp;&nbsp;&nbsp;&nbsp;&nbsp;&nbsp;&nbsp;&nbsp;&nbsp;&nbsp;&nbsp;&nbsp;&nbsp;&nbsp;&nbsp;&nbsp;&nbsp;&nbsp;&nbsp;&nbsp;&nbsp;&nbsp;&nbsp;&nbsp;&nbsp;&nbsp;&nbsp;&nbsp;&nbsp;&nbsp;&nbsp;&nbsp;&nbsp;&nbsp;&nbsp;&nbsp;&nbsp;&nbsp;&nbsp;&nbsp;&nbsp;&nbsp;&nbsp;&nbsp;&nbsp;&nbsp;&nbsp;&nbsp;&nbsp;&nbsp;&nbsp;&nbsp;&nbsp;&nbsp;&nbsp;&nbsp;&nbsp;&nbsp; 2007年3月12日</DIV>\r\n<DIV>附件：校友通讯录统一格式标准</DIV>\r\n<DIV>&nbsp;</DIV>\r\n<DIV align=center><B>校友通讯录统一格式标准</B><B></B></DIV>\r\n<DIV align=center><B>浙大校友通讯录统一格式标准（电子版）</B><B></B></DIV>\r\n<TABLE cellSpacing=0 cellPadding=0 border=1>\r\n<TBODY>\r\n<TR>\r\n<TD vAlign=top width=144>\r\n<DIV align=center>身</DIV>\r\n<DIV align=center>份</DIV>\r\n<DIV align=center>证</DIV>\r\n<DIV align=center>号</DIV></TD>\r\n<TD vAlign=top width=61>\r\n<DIV align=center>姓</DIV>\r\n<DIV align=center>&nbsp;</DIV>\r\n<DIV align=center>名</DIV></TD>\r\n<TD vAlign=top width=43>\r\n<DIV align=center>性别</DIV></TD>\r\n<TD vAlign=top width=98>\r\n<DIV align=center>出</DIV>\r\n<DIV align=center>生</DIV>\r\n<DIV align=center>日</DIV>\r\n<DIV align=center>期</DIV></TD>\r\n<TD vAlign=top width=111>\r\n<DIV align=center>（区号）联系电话/手机</DIV></TD>\r\n<TD vAlign=top width=194>\r\n<DIV align=center>电</DIV>\r\n<DIV align=center>子</DIV>\r\n<DIV align=center>邮</DIV>\r\n<DIV align=center>件</DIV></TD>\r\n<TD vAlign=top width=88>\r\n<DIV align=center>通</DIV>\r\n<DIV align=center>讯</DIV>\r\n<DIV align=center>地</DIV>\r\n<DIV align=center>址</DIV></TD>\r\n<TD vAlign=top width=70>\r\n<DIV align=center>邮</DIV>\r\n<DIV align=center>编</DIV></TD>\r\n<TD vAlign=top width=68>\r\n<DIV align=center>单位及职务</DIV></TD>\r\n<TD vAlign=top width=72>\r\n<DIV align=center>职</DIV>\r\n<DIV align=center>务</DIV>\r\n<DIV align=center>职</DIV>\r\n<DIV align=center>称</DIV></TD>\r\n<TD vAlign=top width=77>\r\n<DIV align=center>毕</DIV>\r\n<DIV align=center>业</DIV>\r\n<DIV align=center>年</DIV>\r\n<DIV align=center>月</DIV></TD>\r\n<TD vAlign=top width=68>\r\n<DIV align=center>院系专业</DIV></TD>\r\n<TD vAlign=top width=72>\r\n<DIV align=center>学历（本校）</DIV></TD>\r\n<TD vAlign=top width=68>\r\n<DIV align=center>国家地区</DIV></TD>\r\n<TD vAlign=top width=69>\r\n<DIV align=center>省</DIV>\r\n<DIV align=center>市</DIV></TD>\r\n<TD vAlign=top width=68>\r\n<DIV align=center>校友会名称</DIV></TD>\r\n<TD vAlign=top width=70>\r\n<DIV align=center>行</DIV>\r\n<DIV align=center>业</DIV></TD></TR>\r\n<TR>\r\n<TD vAlign=top width=144>\r\n<DIV>&nbsp;</DIV></TD>\r\n<TD vAlign=top width=61>\r\n<DIV>&nbsp;</DIV></TD>\r\n<TD vAlign=top width=43>\r\n<DIV>&nbsp;</DIV></TD>\r\n<TD vAlign=top width=98>\r\n<DIV>&nbsp;</DIV></TD>\r\n<TD vAlign=top width=111>\r\n<DIV>&nbsp;</DIV></TD>\r\n<TD vAlign=top width=194>\r\n<DIV>&nbsp;</DIV></TD>\r\n<TD vAlign=top width=88>\r\n<DIV>&nbsp;</DIV></TD>\r\n<TD vAlign=top width=70>\r\n<DIV>&nbsp;</DIV></TD>\r\n<TD vAlign=top width=68>\r\n<DIV>&nbsp;</DIV></TD>\r\n<TD vAlign=top width=72>\r\n<DIV>&nbsp;</DIV></TD>\r\n<TD vAlign=top width=77>\r\n<DIV>&nbsp;</DIV></TD>\r\n<TD vAlign=top width=68>\r\n<DIV>&nbsp;</DIV></TD>\r\n<TD vAlign=top width=72>\r\n<DIV>&nbsp;</DIV></TD>\r\n<TD vAlign=top width=68>\r\n<DIV>&nbsp;</DIV></TD>\r\n<TD vAlign=top width=69>\r\n<DIV>&nbsp;</DIV></TD>\r\n<TD vAlign=top width=68>\r\n<DIV>&nbsp;</DIV></TD>\r\n<TD vAlign=top width=70>\r\n<DIV>&nbsp;</DIV></TD></TR></TBODY></TABLE>\r\n<DIV>注；1.“身份证号”栏目可以选填，如果不填则“出生日期”栏目必须填写完整的年、月、日；</DIV>\r\n<DIV>2. “出生年月”栏目更改为“出生日期”，格式为YYYY—mm—dd;</DIV>\r\n<DIV>3. “学历”栏目中可以填写“专科、大学、本科、硕士、博士、继续教育（成教、汉字烤、远程、培训等）、EMBA、EMPA等毕业或&nbsp;&nbsp; 业”;</DIV>\r\n<DIV>4.“行业范围”栏目按国家标准行业分类来填写代码，祥见6；</DIV>\r\n<DIV>5.“联系电话”栏目分为国内和国外，国内填写“区号—电话号码”，如：0571—87951019；国外填写“国家区号—区号—电话号码”，如001—617—8888888；</DIV>\r\n<DIV>6.&nbsp;&nbsp;&nbsp; 代码&nbsp;&nbsp;&nbsp;&nbsp;&nbsp;&nbsp;&nbsp; 行业分类&nbsp;&nbsp;&nbsp;&nbsp;&nbsp;&nbsp;&nbsp;&nbsp;&nbsp;&nbsp;&nbsp; &nbsp;&nbsp;&nbsp;&nbsp;&nbsp;&nbsp;&nbsp;&nbsp;&nbsp;&nbsp;&nbsp;&nbsp;&nbsp;&nbsp;&nbsp;&nbsp;&nbsp;&nbsp;&nbsp;&nbsp;&nbsp;&nbsp;&nbsp;&nbsp;&nbsp; &nbsp;代码&nbsp;&nbsp;&nbsp;&nbsp;&nbsp;&nbsp;&nbsp;&nbsp;&nbsp;&nbsp;&nbsp;&nbsp; 行业分类</DIV>\r\n<DIV>&nbsp;&nbsp;&nbsp;&nbsp;&nbsp;&nbsp;&nbsp;&nbsp;&nbsp;A&nbsp;&nbsp;&nbsp; 农、林、牧、渔业&nbsp;&nbsp;&nbsp;&nbsp;&nbsp;&nbsp;&nbsp;&nbsp;&nbsp;&nbsp;&nbsp;&nbsp;&nbsp;&nbsp;&nbsp;&nbsp;&nbsp;&nbsp;&nbsp;&nbsp;&nbsp;&nbsp;&nbsp;&nbsp;&nbsp;&nbsp;&nbsp;&nbsp;&nbsp;&nbsp;&nbsp;&nbsp;&nbsp;&nbsp;&nbsp;&nbsp;K&nbsp;&nbsp;&nbsp;&nbsp;&nbsp;&nbsp;&nbsp;&nbsp;&nbsp;&nbsp;&nbsp;&nbsp;&nbsp; 房地产业</DIV>\r\n<DIV>&nbsp;&nbsp;&nbsp;&nbsp;&nbsp;&nbsp;&nbsp;&nbsp; B&nbsp;&nbsp;&nbsp; 采矿业&nbsp;&nbsp;&nbsp;&nbsp;&nbsp;&nbsp;&nbsp;&nbsp;&nbsp;&nbsp;&nbsp;&nbsp;&nbsp;&nbsp;&nbsp;&nbsp;&nbsp;&nbsp;&nbsp;&nbsp;&nbsp;&nbsp;&nbsp;&nbsp;&nbsp; &nbsp;&nbsp;&nbsp;&nbsp;&nbsp;&nbsp;&nbsp;&nbsp;&nbsp;&nbsp;&nbsp;&nbsp;&nbsp;&nbsp;&nbsp;&nbsp;&nbsp;&nbsp;&nbsp;&nbsp;&nbsp;&nbsp;&nbsp; &nbsp; L&nbsp;&nbsp;&nbsp;&nbsp;&nbsp;&nbsp;&nbsp;&nbsp;&nbsp;&nbsp;&nbsp;&nbsp;&nbsp; 租赁和商务服务业</DIV>\r\n<DIV>&nbsp;&nbsp;&nbsp;&nbsp;&nbsp;&nbsp;&nbsp;&nbsp; C&nbsp;&nbsp; &nbsp;制造业&nbsp;&nbsp;&nbsp;&nbsp;&nbsp;&nbsp;&nbsp;&nbsp;&nbsp;&nbsp;&nbsp;&nbsp;&nbsp;&nbsp;&nbsp;&nbsp;&nbsp;&nbsp;&nbsp;&nbsp;&nbsp;&nbsp;&nbsp;&nbsp;&nbsp;&nbsp;&nbsp;&nbsp;&nbsp;&nbsp;&nbsp;&nbsp;&nbsp;&nbsp;&nbsp;&nbsp;&nbsp;&nbsp;&nbsp;&nbsp;&nbsp;&nbsp;&nbsp;&nbsp;&nbsp;&nbsp;&nbsp;&nbsp;&nbsp;&nbsp;&nbsp; M&nbsp;&nbsp;&nbsp;&nbsp; 科学研究、技术服务和地质勘查业</DIV>\r\n<DIV>&nbsp;&nbsp;&nbsp;&nbsp;&nbsp;&nbsp;&nbsp;&nbsp; D&nbsp;&nbsp; &nbsp;电力、燃气及水的生产和供应业&nbsp;&nbsp;&nbsp;&nbsp;&nbsp;&nbsp;&nbsp;&nbsp;&nbsp;&nbsp;&nbsp;&nbsp;&nbsp;&nbsp;&nbsp;N&nbsp;&nbsp;&nbsp;&nbsp; 水利、环境和公共设施管理业</DIV>\r\n<DIV>&nbsp;&nbsp;&nbsp;&nbsp;&nbsp;&nbsp;&nbsp;&nbsp;&nbsp;E&nbsp;&nbsp;&nbsp; 建筑业&nbsp;&nbsp;&nbsp;&nbsp;&nbsp;&nbsp;&nbsp;&nbsp;&nbsp;&nbsp;&nbsp;&nbsp;&nbsp;&nbsp;&nbsp;&nbsp;&nbsp;&nbsp;&nbsp;&nbsp;&nbsp;&nbsp;&nbsp;&nbsp;&nbsp;&nbsp;&nbsp; &nbsp;&nbsp;&nbsp;&nbsp;&nbsp;&nbsp;&nbsp;&nbsp;&nbsp;&nbsp;&nbsp;&nbsp;&nbsp;&nbsp;&nbsp;&nbsp;&nbsp;&nbsp;&nbsp;&nbsp;&nbsp;&nbsp; O&nbsp;&nbsp;&nbsp;&nbsp; 居民服务和其他服务业</DIV>\r\n<DIV>&nbsp;&nbsp;&nbsp;&nbsp;&nbsp;&nbsp;&nbsp;&nbsp;&nbsp;F&nbsp;&nbsp;&nbsp; 交通运输、仓储和邮政业&nbsp;&nbsp;&nbsp;&nbsp;&nbsp;&nbsp;&nbsp;&nbsp;&nbsp;&nbsp;&nbsp;&nbsp;&nbsp;&nbsp;&nbsp;&nbsp;&nbsp;&nbsp;&nbsp;&nbsp;&nbsp;&nbsp;&nbsp;&nbsp;&nbsp;P&nbsp;&nbsp;&nbsp;&nbsp;&nbsp; 教育</DIV>\r\n<DIV>&nbsp;&nbsp;&nbsp;&nbsp;&nbsp;&nbsp;&nbsp;&nbsp; G&nbsp;&nbsp;&nbsp; 信息传输、计算机服务和软件业&nbsp;&nbsp;&nbsp;&nbsp;&nbsp;&nbsp;&nbsp;&nbsp;&nbsp;&nbsp;&nbsp;&nbsp;&nbsp;&nbsp;&nbsp;Q&nbsp;&nbsp;&nbsp;&nbsp; 卫生、社会保障和社会福利业</DIV>\r\n<DIV>&nbsp;&nbsp;&nbsp;&nbsp;&nbsp;&nbsp;&nbsp;&nbsp;&nbsp;H&nbsp;&nbsp;&nbsp; 批发和零售业&nbsp;&nbsp;&nbsp;&nbsp;&nbsp;&nbsp;&nbsp;&nbsp;&nbsp;&nbsp;&nbsp;&nbsp;&nbsp;&nbsp;&nbsp;&nbsp;&nbsp;&nbsp;&nbsp;&nbsp;&nbsp;&nbsp;&nbsp;&nbsp;&nbsp;&nbsp;&nbsp;&nbsp;&nbsp;&nbsp;&nbsp;&nbsp;&nbsp;&nbsp;&nbsp;&nbsp;&nbsp;&nbsp;&nbsp;&nbsp;&nbsp;&nbsp; R&nbsp;&nbsp;&nbsp;&nbsp; 文化、体育和娱乐业</DIV>\r\n<DIV>&nbsp;&nbsp;&nbsp;&nbsp;&nbsp;&nbsp;&nbsp;&nbsp;&nbsp;I&nbsp;&nbsp;&nbsp;&nbsp; 住宿和餐饮业&nbsp;&nbsp;&nbsp;&nbsp;&nbsp;&nbsp;&nbsp;&nbsp;&nbsp;&nbsp;&nbsp;&nbsp;&nbsp;&nbsp;&nbsp;&nbsp;&nbsp;&nbsp;&nbsp;&nbsp;&nbsp;&nbsp;&nbsp;&nbsp;&nbsp;&nbsp;&nbsp;&nbsp;&nbsp;&nbsp;&nbsp;&nbsp;&nbsp;&nbsp;&nbsp;&nbsp;&nbsp;&nbsp;&nbsp;&nbsp;&nbsp;&nbsp; S&nbsp;&nbsp;&nbsp;&nbsp; 公共管理与社会组织</DIV>\r\n<DIV>&nbsp;&nbsp;&nbsp;&nbsp;&nbsp;&nbsp;&nbsp;&nbsp;&nbsp;J&nbsp;&nbsp;&nbsp;&nbsp; 金融业&nbsp;&nbsp;&nbsp;&nbsp;&nbsp;&nbsp;&nbsp;&nbsp;&nbsp;&nbsp;&nbsp; &nbsp;&nbsp;&nbsp;&nbsp;&nbsp;&nbsp;&nbsp;&nbsp;&nbsp;&nbsp;&nbsp;&nbsp;&nbsp;&nbsp;&nbsp;&nbsp;&nbsp;&nbsp;&nbsp;&nbsp;&nbsp;&nbsp;&nbsp;&nbsp;&nbsp;&nbsp;&nbsp;&nbsp;&nbsp;&nbsp;&nbsp;&nbsp;&nbsp;&nbsp;&nbsp;&nbsp;&nbsp;&nbsp;&nbsp; T&nbsp;&nbsp;&nbsp;&nbsp; 国际组织</DIV>\r\n<DIV>&nbsp;</DIV>\r\n<DIV>&nbsp;</DIV>\r\n<DIV>&nbsp;&nbsp;&nbsp;&nbsp;&nbsp;&nbsp;&nbsp;母校将收集各地校友信息，并要求按统一格式标准（电子版）于4月底前建立相对较为完善的校友电子信息数据库。今寄上母校发出的统一格式标准一份，请你认真阅读所列6点备注后，逐项填写明确，若表中格子太小，可竖向写明。</DIV>\r\n<DIV>&nbsp;&nbsp;&nbsp;&nbsp;&nbsp; 此表务必在3月底以前反馈给我们，请寄到：南昌市高新区火炬大街199号赣能大厦7楼浙江大学江西校友会，邮编：330096。我们在三月底经电脑整理汇总后，报给浙大校友总会。</DIV>\r\n<DIV>母校要求组织校友献上最能表达对母校真挚情感的一句赠言（祝福、期望、建议、思念），我们将统一汇编打印，寄送浙大校友总会编印成册</DIV>', '通知,信息库,校友', '0');
INSERT INTO `tbl_entity` VALUES ('20', '1', '粤港澳校友同庆母校110周年华诞联欢大会筹备会议在深圳举行', '1', '0', '1207662660', '0', '<DIV>&nbsp;&nbsp;&nbsp; 2007年5月，浙江大学将迎来110周年华诞，各地校友会和广大校友响应母校和校友总会号召，纷纷行动起来，积极筹划各种欢庆活动，向母校表达真挚情意，共同营造全球学子同庆的喜庆气氛。 <BR>&nbsp;&nbsp;&nbsp; 1月28日，深圳校友会、广州校友会和珠海校友会有关负责人，在校友企业美洁尔实业有限公司所在地深圳金丰城大厦聚集一堂，与校友总会秘书长张美凤老师等一起，就组织粤港澳地区的浙大校友庆祝母校110周年校庆有关活动进行了热烈商讨。会议初步决定于4月上旬，由深圳校友会、广州校友会和珠海校友会主办、深圳校友会承办，举行一次较大规模的粤港澳校友同庆母校110华诞联欢大会，作为粤港澳地区浙江大学求是学子向母校校庆献出的一份厚礼，并以此为契机筹办粤港澳地区校友会联谊会，在中国南部打造一个更大范围的浙大校友会工作交流平台，把该地区的校友工作推向一个新的高度。<BR><BR><BR>\r\n<P align=center><IMG style=\\\"WIDTH: 500px; HEIGHT: 375px\\\" alt=\\\"\\\" src=\\\"http://zuaa.zju.edu.cn/upload/news/2007-01-31_10-10-25.jpg\\\" border=0><BR><BR></P>\r\n<P align=center><IMG style=\\\"WIDTH: 500px; HEIGHT: 375px\\\" alt=\\\"\\\" src=\\\"http://zuaa.zju.edu.cn/upload/news/2007-01-31_10-10-40.jpg\\\" border=0><BR><BR></P>\r\n<P align=center><IMG style=\\\"WIDTH: 500px; HEIGHT: 375px\\\" alt=\\\"\\\" src=\\\"http://zuaa.zju.edu.cn/upload/news/2007-01-31_10-10-52.jpg\\\" border=0><BR><BR></P>\r\n<P align=center><IMG style=\\\"WIDTH: 500px; HEIGHT: 375px\\\" alt=\\\"\\\" src=\\\"http://zuaa.zju.edu.cn/upload/news/2007-01-31_10-11-02.jpg\\\" border=0></P><BR></DIV>', '粤港澳,110周年,联欢', '0');
INSERT INTO `tbl_entity` VALUES ('21', '1', '2004年浙江大学江西校友会大事记', '1', '1', '1207662660', '0', '<DIV>\r\n<P><FONT face=Verdana>1．2004年2月16日至2月19日，浙江大学江西校友会代表团在名誉会长钱梓弘校友、副会长胡德成校友的带领下赴杭州、绍兴等地，先后访问了母校校友总会、浙大网新科技股份有限公司、绍兴市浙江大学校友会和绍兴市供电局等单位均受到了热情的接待。在母校得到潘云鹤校长的接见，在认真的听取了代表团关于江西浙大科技园和江西浙大网新软件园的有关情况汇报后，潘校长充分肯定了浙大江西校友会的工作，并表示在适当时候愿意来江西作学术报告。在浙大网新科技股份有限公司与总裁史烈、浙大网新电子信息有限公司副总经理蒋艰、浙大网新科技园发展有限公司总经理吴晓东的会谈中，钱梓弘校友表达了对校友会所属的求是公司与网新电子公司所签订的电厂烟气脱流的框架协议执行过程中的看法：要求凡是在江西范围内的有关业务，应该都通过求是公司一个渠道开展联系，以免双方发生不必要的误会。对江西浙大网新软件园的建设问题，也希望网新总部能充分重视，加快建设的步伐。对此，史烈总裁都作了满意的答复。在与绍兴市浙大校友会有关领导座谈时，沈焕根、董建达副会长和俞中理事详细介绍绍兴市浙大校友会在绍兴市与母校签订合作协议，以及绍兴市青年企业家代表团与江西上饶市签订巨额资金的投资协议中所起的重要作用，我们认为这些宝贵经验值得学习。考虑到由浙大江西校友会极力促成的江西省与母校的合作已进入关键阶段，江西浙大科技园和江西浙大网新软件园正在开发、极需引进相关企业入园这一具体情况，经2月24日的会长会议研究决定，邀请绍兴市浙大校友会、绍兴市青年企业家们和绍兴市供电局有关领导在方便的时候来浙大江西校友会指导工作。邀请函已于2004年3月2日发出。<BR>2．2004年3月2日清华大学江西校友会会长沃祖全应邀访问我会，受到名誉会长钱梓弘、会长王明善、副会长胡德成等领导的热烈欢迎。双方就各自校友会的情况、开展的工作及经验以及省校合作的进展进行交流，通过访问互相加深了了解，增进了友谊，为今后进一步加强联系和合作打下了基础。<BR>3．2004年3月26日上午浙江大学国家大学科技园（江西）与江西省科学院、交通银行南昌分行、江西省企业信用担保责任公司全面合作和两个入园项目的签订仪式，在南昌五湖大酒店举行。省校合作领导小组组长、副省长胡振鹏；副组长、省国资委主任吴明辉以及省发改委、省科技厅、南昌高新区管委会等同志参加了仪式。浙江大学江西校友会名誉会长钱梓弘、副会长兼秘书长孙卫东和常务副秘书长费民达等校友也应邀出席。上述协议的签订标致着浙江大学国家大学科技园进入了实质性的实施阶段。<BR>4．2004年5月7日上午，清华大学江西校友会在南昌高新区泰豪科技军工大楼隆重召开清华大学校庆93周年暨清华大学江西校友会成立二十周年庆祝大会。浙江大学江西校友会名誉会长钱梓弘、会长王明善、常务副秘书长费民达应邀参加。大会由该会秘书长王平主持，清华大学原党委书记方惠坚介绍了清华大学近年来发展的情况，清华大学江西校友会会长沃祖全作了校友会工作汇报。王明善会长在会上致了热情洋溢的贺辞。北京大学江西校友会会长陈葵尊及200余位清华大学校友参加了大会。<BR>5．浙江大学江西校友会会长办公会于2004年5月22日下午在江西省信息产业厅会议室举行，参加会议的有名誉会长钱梓弘、会长王明善、副会长胡德成、徐耀金、李江河、副会长兼秘书长孙卫东、常务副秘书长费民达、副秘书长阮先创、王强、王敏以及常务理事史良国等校友。<BR>会议就求是公司等几个问题进行讨论并作出相应的决议：<BR>一、关于江西环境工程技术有限公司（以下简称求是公司，见注）<BR>1、求是公司董事长是由赣能股份有限公司总经理孙卫东校友兼任，考虑到上市公司对审计的要求，决定孙卫东校友改任名誉董事长，董事长（法人代表）由费民达校友兼任，求是公司实行名誉董事长负责制。<BR>2、考虑求是公司业务和发展的需要，决定聘任史良国校友为副董事长、阮先创校友为副总经理。<BR>3、今后求是公司除某些重大事项（如因业务需要必须动用校友会资金等）需向校友会会长汇报外，均由孙卫东校友全权负责，领导总经理、副总经理全面开展经营业务工作。<BR>4、有关求是公司的体制和机制问题，会议责成费民达、潘宏高、史良国、阮先创、王敏以及王强等校友，由费民达校友牵头，尽快的拿出一份书面意见，经名誉董事长同意后交校友会会长办公会议审查通过并公布实施。<BR>二、关于江西浙大网新科技有限公司（以下简称江西网新公司）<BR>会议认为江西网新公司及其所属的江西浙大网新软件园是经过校友会努力而产生的省校合作成果之一。校友会又是该公司的股东。考虑到浙江浙大网新公司收购江西思创这一实际情况，会议责成孙卫东校友拿出一个充分照顾到校友会利益的关于江西网新公司和江西思创重组的建议，作为校友会的意见提交浙江浙大网新公司作参考。<BR>三、关于浙大科技园（江西）（以下简称科技园）<BR>会议认为科技园是经过校友会努力而产生的省校合作重大成果，且校友会为解决其在发展和建设过程中遇到的困难倾注了大量精力和心血。会议同意王明善校友关于在条件成熟时与杭州浙大科技园管委会主任葛周芳沟通，提出考虑照顾校友会利益的方案。具体的时间由王明善会长掌握决定。<BR>注：江西求是环境工程技术有限公司系由原南昌求是科技咨询有限公司经校友会领导同意演变而来。2004年4月在江西省工商行政管理局登记注册，主要是考虑在与浙大网新电子信息有限公司、江西省环保股份有限公司、杭州三和环保技术工程有限公司共四家签订了框架协议后，求是公司的经营方向转为环保工程技术而决定的。<BR>6．浙江大学江西校友会（以下简称校友会）于2004年6月10日上午召开会长办公会议，出席人员有：会长王明善、副会长胡德成、常务副秘书长费民达、副秘书长阮先创、王强、王敏、常务理事史良国等校友。会议原则同意由费民达校友牵头，与王强、史良国、阮先创、王敏、潘宏高等校友一起，就求是公司管理体制和经营机制问题进行讨论。讨论后形成了“关于求是公司管理体制和经营机制的建议”（见附件），并向孙卫东校友作了汇报。对有关求是公司股权问题作了一定修改并决议如下：会议同意求是公司全部股权（30万元）均以现金入股的建议。校友会股权（16.5万元）不变，其中尚空缺的6.5万元股权由求是公司在去年和今后的盈利中以红利的形式予以填补，其余空缺的13.5万元股权（含原亚威公司和威克特公司持有，现金均已抽回）在校友会担任常务理事以上职务的校友中集资补齐，集资函于6月14日以挂号形式全部寄出。<BR>7．浙江大学江西校友会（以下简称校友会）与浙江浙大网新信息控股有限公司（以下简称公司）本着优势互补，真诚合作、讲求实效、共同发展的原则，继续加强合作。校友会竭尽全力支持帮助公司在江西的业务开拓和发展，公司同意对校友会提供赞助，以支持校友会的工作。为此，双方于2004年6月18日签订了“关于浙大网新与浙大江西校友会合作协议”。协议内容如下：<BR>一、公司每年为校友会无偿赞助人民币贰拾万元整，赞助期限为三年（2004年~2006年），公司每年6月底前和12月底前分别向校友会各支付拾万元人民币整。<BR>二、公司同意在江西浙大网新软件园项目中为校友会提供永久性的办公活动场所。<BR>该协议分别由公司副总裁张四纲和校友会副会长兼秘书长孙卫东代表各方签字。第一笔10万元人民币赞助款项已按时汇达校友会。<BR>8．2004年7月2日上午，由费民达、王强、陈肖强、史良国、阮先创、潘宏高等校友就设立江西求是工程技术有限公司等问题进行进一步的讨论和研究，形成如下建议，请校友会会长办公会议审议决策。<BR>1、建议设立江西求是工程技术有限公司（暂定名）。<BR>设立原因：根据2004年5月22日校友会会长办公会精神，拟对江西求是环境工程技术有限公司进行法人及股权的变更，在办理工商变更手续审批过程中，发现江西求是环境工程技术有限公司股东之一“江西省亚威系统工程有限公司”带有国有资本成分，其股权变更不允许进行私自转让，必须经资产评估、主管部门批准、产权交易所进行产权交易、国资委审批备案等复杂程序，工作量非常大，且“江西省亚威系统工程有限公司”已于2002年底注销，其股权转让的合法性也存在问题，而重新设立公司相对更简单，基于此，建议放弃对江西求是环境工程技术有限公司进行变更，注册设立江西求是工程技术有限公司（暂定名）。<BR>2、建议新公司注册资本50万元。<BR>考虑到新公司今后经营和申报资质的需要，建议将新公司的注册资本金扩大到50万元，其中浙江大学江西校友会出资20万元（其中10万元由公司从红利中支付），占股权比例40%，其余股本金由校友以自愿原则认购，由史良国、潘宏高作为股东代表，各持有30%股权，各股东均需以现金出资，不以其他资产投资入股。<BR>3、建议公司董事会和经营管理层组成：<BR>董事会成员：<BR>名誉董事长：孙卫东&nbsp;&nbsp; <BR>董事长（法定代表人）：费民达&nbsp;&nbsp; <BR>副董事长：史良国<BR>董事：王强&nbsp; 陈肖强&nbsp; 潘宏高&nbsp; 阮先创&nbsp; 曾德茂&nbsp; 李瑞林<BR>经营管理层成员：<BR>总经理：潘宏高&nbsp;&nbsp;&nbsp; <BR>副总经理：阮先创<BR>公司实行董事会领导下的总经理负责制。<BR>4、建议新公司经营范围在江西求是环境工程技术有限公司经营范围的基础上适当扩充。<BR>7月6日王明善会长，胡德成副会长及费民达、阮先创、史良国等校友就上述建议进行讨论。会议同意公司更名为“江西求是工程技术有限公司”，同意公司扩股至50万元，其中校友会占50%股权即25万元，其余股本金由担任常务理事以上校友自愿认购。<BR>会议同意关于公司董事会和经营管理层的人员组成。同意新成立的公司经营范围在原有的基础上适当扩充。<BR>9．2004年7月22日浙江大学江西校友会为刘逢绥校友应邀赴雅典参加世界应用数学大会并宣读“孪生素数猜想”的证明论文举行了欢送会。会议由王明善会长主持，部份副会长和副秘书长出席会议。刘逢绥校友1967年毕业于母校机械系，自上世纪70年代中旬起就致力于“猜想”的证明，2000年该论文在网上公开发表，获得国内外同行的好评，至今尚未发现实质性的错误。王明善会长为了支持他能雅典成行，积极出面与江西省科技厅联系，获得了3.5万元人民币的宝贵资助，大家一致对会长的伯乐精神表示敬佩。会上刘逢绥校友对其论文作了通俗的介绍。与会校友都为他取得的成绩感到由衷的高兴。副会长南昌大学分管教学和科研的副校长扶名福校友立即在会上表态：同意在论文上冠名南昌大学研究员刘逢绥；由南昌大学出面为其深入研究申请江西省自然科学基金；赴雅典资金不足部分由南昌大学承担；请刘逢绥校友赴南大数学系作学术报告等。此外，校友会秘书处遵照王明善会长的指示，积极与母校校友总会联系，希望能取得母校更大的支持，母校也来电给予以回应。刘逢绥校友已于7月28日抵达杭州，向母校有关领导汇报其研究成果。到目前为止，该论文在雅典数学刊物上发表，在母校浙大，也已取得了审查的顺利进展，数学家董光昌老教授认为论文很有价值，并有意与刘逢绥校友进行合作研究。<BR>10．2004年8月24日，浙江大学国家大学科技园（江西）为其重要组成部分——创业大厦的正式开工举行了隆重的开工典礼，它标志着科技园的建设和发展迈出了坚实的一步。江西省副省长胡振鹏、南昌市市长李豆罗等省市各级领导、浙江大学领导及社会各界人士代表共百余人出席。浙江大学江西校友会会长王明善、副会长李江河、常务副秘书长费民达、副秘书长王强、常务理事萧虎等也应邀出席。<BR>浙江大学国家大学科技园（江西）创业大厦作为科技园的标志性主体建筑，为一栋地上8层，地下1层的综合性大楼，总建筑面积为6万余平方米。由于园区征地150亩至今尚未彻底落实，已至该工程分两期完成。一期工程建筑面积约4.1万平方米，投资额达8000万元，预计将于明年下半年完工。<BR>11．2004年10月18日上午江西浙大网新软件园举行奠基仪式。南昌市委书记余欣荣、市长李豆罗、高新开发区有关领导、浙大网新科技股份有限公司副总裁孙坚华、浙大网新科技园发展有限公司副总经理岳鹏、江西浙大网新科技有限公司副董事长、软件园负责人黄军、江西浙大网新科技有限公司总经理邓玉波以及受浙江大学江西校友会王明善会长的委托常务副秘书长费民达等参加了奠基仪式。软件园首期工程与江西省电力设计院合作开发，建筑面积约三万余平方米。<BR>12．应浙江大学江西校友会的邀请绍兴市浙大校友会会长顾仁章、副会长戴辉、副秘书长俞中等七位校友于2004年10月30日前来南昌访问，受到我会名誉会长钱梓弘、常务副秘书长费民达、副秘书长阮先创、常务理事史良国、黄军、理事潘宏高等校友的热情接待。在座谈中，双方互叙友情，各自介绍了校友会工作的经验，受益非浅。在昌期间绍兴校友参观了红谷滩新区、秋水广场、滕王阁、八一广场等地，并于10月31日取道龙虎山返回绍兴。<BR>13．2004年11月28日浙江大学江西校友会常务理事会在南昌召开。这次会议的议程是：<BR>（1）会长王明善校友作校友会2004年的工作报告。<BR>（2）讨论推选副会长、常务理事及增补理事名单。<BR>（3）理事浙大中凯科技园发展有限公司常务副总经理单世涛校友汇报有关园区建设情况及今后的打算。<BR>（4）常务理事江西浙大网新科技有限公司副董事长黄军校友汇报江西浙大网新软件园开工建设的情况。<BR>（5）常务副秘书长江西求是工程技术有限公司董事长费民达校友介绍公司经营情况。<BR>（6）费民达校友介绍：①新编校友通讯录的进展情况及存在问题；②2004年校友会财务收支情况。<BR>（7）常务理事刘逢绥校友介绍“孪生素数猜想”论文及与母校理学院数学系众多著名教授交流的情况。<BR>（8）名誉会长钱梓弘校友讲话。<BR>（9）自由发言：围绕王明善、钱梓弘两位校友的讲话，提出如何开展校友会工作及进一步发展校友会的意见和建议。<BR>（10）集体合影。<BR>&nbsp;王明善会长在工作报告中回顾了2004年一年来校友会活动的十三件大事后，指出校友会的自身建设较2003年虽有进步，但仍有不足之处，表现在对母校的汇报与交流、对校友的联络与争取校友对校友会工作的参与、对求是公司加强管理与力度不够等方面。王会长指出：2005年将在以下几方面做好工作：<BR>（1）努力促成母校潘云鹤校长再度访问江西，除给省委省政府领导作双休日学术报告外，力争多访问一些单位，如高校、著名IT企业等，以扩大母校在我省的影响。<BR>（2）通过各方面的努力工作，要看到浙大科技园（江西）和江西浙大网新软件园两个省校合作的项目有实实在在的进展。<BR>（3）进一步开展与母校和外省市浙大校友会的交流与合作。<BR>（4）努力加强与省内各地市校友的联系。2005年要把校友的活动开展得更加广泛，将开展分地市、分行业的交流与活动。校友会将视出席活动的校友人数多少给予500~1000元赞助，但每次活动后必需有提供不少于500字的包括活动内容的情况介绍，便于校友会统计及编发信息。<BR>（5）进一步加强求是公司的管理、壮大公司的实力，按市场经济规律运作，要求有更多的校友积极参与。<BR>会议一致同意，由于常务理事杜青安校友已调至厦门市工作，建议不再担任常务理事职务。此外会议还一致同意推选王俊刚（男&nbsp; 1980年浙大化工系毕业，现任抚州市副市长）为副会长；推选王绍萍（男&nbsp; 1991年杭大政治系毕业，现任江西省农业厅办公室主任）、尹健（男&nbsp; 1990年浙大力学系毕业，现任江西省委组织部人事处副处长）、黄亲国（男&nbsp; 1984年浙大材料系毕业，现任南昌航空工业学院院长助理）等三位校友为常务理事；增补焦怀南（男&nbsp; 1975年浙大无线电系毕业，现任交通银行南昌分行副行长）、雷有训（男&nbsp; 1975年浙大化工系毕业，现任江西轻工职业技术学院党委书记）、吴志平（男&nbsp; 1991年浙大土木系毕业，现任南昌航空工业学院基建处副处长）、梅峰（男&nbsp; 1989年浙大光仪系毕业，现任鹰潭市组织部办公室主任）、胡亚平（男&nbsp; 1995年浙农大蚕学系毕业，现任新余市政法委干部）等五位校友为理事。<BR>名誉会长钱梓弘校友在会上提出了几点要求：<BR>（1）要非常重视浙大科技园（江西）和江西浙大网新软件园的建设，科技园要把150亩征地工作来个彻底的解决，要三年见成效五年集大成，要在软件园里划出一块宅地来建设校友会会址，为校友会作好长远的打算。<BR>（2）今年校友会对求是公司体制改革、扩大业务做了大量的工作，稍有成效，明年要更上一层楼，求是公司办好一定要群策群力。浙大网新领导建议成立一个由校友集资的基金会由浙大网新来运作，我看可以考虑。（副会长兼秘书长孙卫东校友插话，如果定下来可由我来操办此事。）<BR>（3）本人每星期二上午必来校友会，希望校友能常来校友会坐坐，交流办好求是公司、办好校友会的意见和建议。此外，校友会一定要分区、分片、分行业的开展交流与活动，当然能量大的校友要出资出力，这样才能显示生机。最好每年组织一次校友访问母校的活动，与浙大的公司、教授联谊，把浙大的科技财富发掘出来，为江西经济服务。<BR>（4）加强与校友总会的联系，明年在适当的时候要把总会热情支持江西校友会工作的同志请来江西访问。<BR>孙卫东校友提出，鉴于钱梓弘校友每星期二上午都会来校友会办公，建议由费民达校友与各位常务理事联系，分批来校友会与钱会长一起为办好校友会与求是公司献计献策。孙卫东校友的建议得到与会校友的一致响应。<BR>会议在集体合影后园满的结束。<BR></FONT></P></DIV>', '浙江大学,江西校友会,大事记', '0');
INSERT INTO `tbl_entity` VALUES ('22', '1', '2003年浙江大学江西校友会大事记', '1', '0', '1207663440', '0', '<P><FONT face=Verdana>1．2003年元月21日晚，浙江大学江西校友会名誉会长钱梓弘校友、会长王明善校友、常务副秘书长费民达校友、副秘书长阮先创校友和常务理事史良国校友等一行五人前，往滨江宾馆拜会为参加浙江大学国家大学科技园（江西）奠基仪式前来南昌的浙江大学党委书记张浚生校友。感谢母校对江西经济建设的大力支持。张书记对浙大江西校友会为省校合作所作的贡献给予充分的肯定，表示今后将有更多的项目落户江西。<BR>2．2003年元21日上午，在南昌高新技术产业开发区，由江西省与浙江大学合作建设的浙江大学国家大学科技园（江西）奠基仪式隆重举行。省市领导黄智权、吴新雄、胡振鹏、赵智勇、李豆罗等及浙江大学党委书记张浚生、副校长程家安等出席。浙江大学江西校友会出席仪式的有钱梓弘、王明善、胡德成、费民达、阮先创、王敏、和黄军等人。浙大科技园（江西）位于南昌高新区京东大道地段，占地面积385亩计划总建筑面积30余万平方米，总投资16亿元，其中基础建设与创业环境建设7亿元，产业项目投资9亿元。浙江商业集团所属上海中凯和郑州中凯以雄厚资金加盟浙大科技园（江西），江西浙大中凯科技园发展有限公司揭牌仪式也同时举行。浙大科技园（江西）将重点发展信息科学与技术生命科学与现代农业、医药、新材料与纳米技术，光电一体化、新能源与环境工程等高新技术产业，预计在今后的5~10年内，浙大科技园（江西）的总投资收益将达50亿元，提供就业岗位5000至10000个左右。<BR>3．在校友会秘书长江西赣能股份有限公司总经理孙卫东校友的大力支持下，浙江大学江西校友会于2003年元月17日迁往江西赣能股份有限公司大楼七楼办公。七楼共有九大间办公室，目前校友会暂借701室至704室及706室等五间，由赣能股份有限公司提供三套大办公桌椅、三套真皮沙发和近拾个文件柜和书柜。此外该公司还出资叁仟陆佰余元由副秘书长张学诚校友承办在七楼装饰新型别緻的江西校友会会徽。<BR>浙江大学江西校友会秘书处办公地址：<BR>南昌市高新区火炬大街199号江西赣能股份有限公司七楼702室<BR>电话：0791—8112963&nbsp;&nbsp;&nbsp;&nbsp;&nbsp; 传真：0791—8112963&nbsp;&nbsp;&nbsp;&nbsp; 邮编：330029 <BR>E-mail: zdjxxyh@jiangxi.gov.cn<BR>4．2003年2月20日浙江大学江西校友会在南昌召开常务理事会，这次会议的议程是：<BR>（1）会长王明善校友作校友会第二次理事大会以来的工作报告；<BR>（2）常务副秘书长费民达校友通报校友会2002年度的财务收支情况；<BR>（3）讨论推选新增常务理事名单；<BR>（4）秘书长（江西浙大网新科技有限公司副董事长）孙卫东校友汇报公司自成立以来的经营情况；<BR>（5）理事（南昌求是科技咨询有限公司经理）李瑞林校友汇报公司成立后运作情况；<BR>（6）名誉会长钱梓弘校友讲话；<BR>（7）围绕王明善、钱梓弘两位校友的讲话开展讨论。<BR>讨论主题：请校友们帮助南昌科技咨询有限公司出主意，出好主意，应该搞些什么项目？怎么帮助和联系确定项目？<BR>王明善会长在工作报告中回顾了自2002年4月20日召开理事大会以来的校友会经历的十六件大事后，强调指出：校友会今后要围绕“三不变”开展工作；即宗旨“求是”精神不变，促进省校合作，促进江西经济、扩大母校影响不变，加深校友间的友情不变。<BR>钱梓弘名誉会长在讲话中强调江西校友会要紧密围绕省校合作，促进江西经济发展这一大前提开展工作，要协助省政府对已签定的省校合作协议和合同逐项进行检查，及时发现问题、解决问题，全力促使取得成果。做到既提高母校的威望又促进江西经济的发展。特别要帮助江西浙大网新科技有限公司和江西浙大中凯科技园发展有限公司，利用我们校友会有着广泛人力、信息资源的优势，竭尽全力解决它们在工作和发展中出现的困难和问题，为母校在江西进一步扩大影响做出应有的项献。同时也要关注求是公司的发展，力争在2003年就环境评估、污水处理，和复合新材料的推广使用方面开展业务，为公司的壮大和校友会发展提供经济支柱。<BR>会议一致同意，原理事蒋斌（男，丰城电厂副厂长）、陈肖强（男，江西电力设计院院长）、黄军（男，江西浙大网新科技有限公司副董事长）增选为常务理事。推选朱亚芳（女，江西浙大中凯科技园发展有限公司总经理）为常务理事。会议还考虑到由于和常务理事吴铎校友（男，江西拖拉机厂高级工程师）长期无法取得联系，同意由理事姜文彩校友（男，江西拖拉机厂高级工程师）顶换担任常务理事。<BR>围绕王明善会长、钱梓弘名誉会长的讲话，大家进行热烈讨论，一致对校友会的工作表示满意，并就进一步深入开展省校合作、扩大母校的影响，以及如何搞好求是公司、献言献策，表示会毫无保留的为做好校友会的各项工作尽心尽力，为校友会争光，为母校争光。<BR>5．2003年3月31日至4月5日在浙江大学江西校友会名誉会长钱梓弘校友的主持下，对2002年江西省与浙江大学签订的七个合作项目落实情况分别作了为期一周的调研。省内与浙大签订合作协议或合同的有关单位分别来函或来人汇报了项目进展情况和存在问题。在此基础上，校友会秘书处总结一份“江西省与浙江大学省校合作签订的项目实施情况汇报”材料，提交省校有关领导参考。<BR>6．为了进一步推进省校合作，发挥各自优势，解决江西高级软件技术开发和管理人才严重匮乏的问题，以加快江西省信息产业的发展。浙江大学江西校友会会长王明善校友与江西省教育厅、江西省计委有关领导多次商谈沟通，取得了他们的大力支持。在此基础上提出了“关于在江西设立浙江大学软件学院江西分院的初步设想”的报告，供母校领导参考。<BR>7．为了表达对母校紫金港新校区落成并投入使用的衷心祝贺，2003年4月1日浙江大学江西校友会会长王明善校友在常务理事黄军校友的陪同下赴景德镇选购一对高2.2米，直径0.5米有清明上河图图样的箭筒，由昌河飞机工业集团公司副总经理江西校友会常务理事吴德铨校友无偿提供专车于4月10日晚送抵母校玉泉校区。<BR>8．浙江大学校友总会于2003年4月11日至4月13日在杭州玉泉校区召开各地方校友会经验交流会，浙江大学江西校友会名誉会长钱梓弘，会长王明善，副会长胡德成、李江河，常务副秘书长费民达，常务理事黄军等六位校友应邀参加了会议。会上，王明善会长代表江西校友会作了题为“母校关怀情意深，省校合作结硕果”的发言，得到与会的全国各地50个校友会近80名代表的一致好评。会议期间，黄书孟副校长和潘云鹤校长分别在4月11日上午和4月13日下午单独会见了江西校友会代表团。钱梓弘、王明善两位校友分别向母校领导作了题为“江西省与浙江大学省校合作项目的实施情况”和“关于在江西设立浙江大学软件学院江西分院的初步设想”的汇报。<BR>9．2003年5月29日，浙江大学国家大学科技园江西规划评审会在南昌高新区举行。江西省人民政府副省长胡振鹏、省计委、省体改委、省国资办、省建设厅、省科技厅以及其他一些厅局的负责人参加评审会。浙江大学江西校友会钱梓弘名誉会长、王明善会长也应邀参加。科技园的规划突出常规，建筑布局采用螺旋状分布，外形好像“八卦图”一样，动静结合，受到与会同志的一致好评。<BR>浙江大学国家大学科技园（江西）位于风光秀美的艾溪湖西侧，占地36万平方米，园内将建设研发中心、创业大厦、信息中心、数码城、会展中心、智慧广场、中心水域和配套公寓。科技园的总投资将达到16亿元，并计划3年内投入使用。浙大数码纺织科技产业园将成为首批入驻的项目。<BR>10．为了支持南昌市政府在江西科技师范学院基础上筹建南昌科技大学，浙江大学江西校友会副秘书长王敏校友积极穿针引线，于2003年7月16日陪同南昌市政府代表团熊焕高副书记、卢晓捷副市长、江西科技师范学院邹道文院长、江西经济干部管理学院徐毅院长等一行13人赴浙江大学考察，正式提出请浙大帮助江西科技师范学院筹建南昌科技大学的请求，受到母校卜凡孝副校长等有关领导的热烈欢迎。应邹院长邀请母校校办、研究生院学位办、信息学院等有关领导以及浙大新宇集团副总裁陈仕平校友于7月25日至7月27日来南昌洽谈合作事宜。期间江西校友会王明善会长、胡德成副会长、孙卫东秘书长、王敏副秘书长亲切会见并宴请了母校代表团所有成员。此后，于8月18日江西省教委给浙大发了“关于商请支持南昌科技大学筹建的函”，希望将此项工作纳入省校合作重点项目。8月19日江西省委组织部复函同意江西科技师范学院聘作陈仕平同志为院长助理。8月23日江西校友会副秘书长王敏校友陪同江西科技师范学院组织部长等人赴浙大联系陈仕平的工作，拜访了卜校长、王立芝组织部长等母校有关领导。8月31日陈仕平校友来江西科技师范学院任职。<BR>11．为了促进我省环保事业的发展，推动环保新技术运用，优势互补、互利互惠、讲求实效、共同发展，江西环保股份有限公司、（江西省环保局下属江西省环境保护科学研究院控股公司，具有环保工程项目和环保政策法规方面畅通的信息渠道，能充分得到政府有关部门和环保行政监督管理部门全力支持，在江西环保市场上具有良好有信誉。）南昌求是科技咨询有限公司、（浙江大学江西校友会全资公司，具有涉及面广、科技人员多、影响力大的优势，能够充分发挥协调和桥梁作用，并能在争取国家、省立项和审批重大环保项目部门的政策与资金方面发挥作用。）浙江浙大网新电子信息有限公司、（浙江浙大网新科技股份有限公司的下属公司，在人才、资金和开拓大项目方面具有明显的优势，拥有先进完善的电厂锅炉烟气脱硫系统引进技术、各类技术设计和工程实施资质以及经验丰富的强大的工程技术队伍；并在引进浙江或境外的资金、技术参与江西环保建设项目中能够发挥独特的作用。）杭州三和环保技术工程有限公司（以浙江大学环境资源学院暨环境工程研究所骨干教师为主体的高新技术企业，在三废处理工程、环保工程成套设备和环保科技研发具有较强的实力，能够将其掌握的环保科技成果和技术运用到江西环保工程项目中。）等四方于2003年8月29日下午在南昌共同签订合作框架协议。浙江大学江西校友会会长王明善校友、秘书长孙卫东校友、常务副秘书长费民达校友，江西省环保局谭今来副局长、江西省环保科学研究院院长黄云校友，浙江浙大网新电子信息有限公司总经理助理许东晖校友，杭州三和环保技术工程有限公司董事长施耀校友等参加签订仪式。黄云、孙卫东、许东晖、施耀分别代表各自单位在协议上签字。四方合作的范围包括烟气除尘脱硫治理、高浓度有机废水治理、工业危险废物的处理与处置、环保技术和成果产业化项目、环境保护产业投资项目、生态科研项目及环保人才培训等领域。<BR>大家一致同意，立即率先在污染较严重的我省电力行业开展烟气在线监察业务，并在今后若干年内开展烟气脱硫项目的工程实施，并逐步推动所有的先进技术在其它污染领域的应用。<BR>12．浙江大学江西校友会名誉会长钱梓弘校友、会长王明善校友于2003年10月6日晚亲切会见了应江西省委、省政府邀请前来参加江西省海外侨胞垦谈会的美国何氏资询公司总裁、49年毕业于浙江大学的何步基校友和夫人林女士，美国休士顿浙江大学校友会会长龚建平校友等一行三人。何步基校友是美国著名学者，爱兹病鸡尾酒疗法的创始人何大一的父亲。计算机汉字输入法的发明人，在国内外享有盛誉。参加会见的还有副会长胡德成校友、秘书长孙卫东校友、常务副秘书长费民达校友、常务理事黄军校友和理事徐波校友等人。<BR>13．2003年11月20日，由江西省国资办主任、省校合作领导小组副组长吴明辉主持的，江西浙大网新软件园规划设计征求意见座谈会在南昌举行。原南昌大学副校长李嗣垦、江西环球建筑设计院总工程师蔡希熊、南昌冶金设计院城建分院院长肖利平等专家、浙江大学江西校友会名誉会长钱梓弘、会长王明善、副会长胡德成、李江河、朱来友、常务副秘书长费民达、常务理事江西浙大网新科技有限公司副董事长黄军、南昌高新区管委会副主任喻克忠、浙江浙大网新科技园发展有限公司营运总监岳鹏、江西浙大网新科技有限公司总经理邓玉波参加了会议。会上在听取了规划设计单位上海一风装饰设计工作室设计师马兴文的设计介绍后，大家提出了许多中肯的修改意见。最后王明善会长要求规划的修改稿最迟在2003年12月20日前完成，力争在年底通过评审。<BR>14．2003年12月25日浙江大学江西校友会在南昌召开第二次常务理事会，这次会议的议程是：<BR>（1）会长王明善校友作校友会2003年2月20日常务理事会以来的工作报告；<BR>（2）常务副秘书处长费民达校友通报校友会2003年度的财务收支情况；<BR>（3）讨论推选副会长、常务理事及增补理事名单；<BR>（4）南昌求是科技咨询有限公司经理潘宏高校友汇报公司运作情况和今后打算； <BR>（5）江西浙大网新科技有限公司总经理邓玉波同志汇报公司今年运营情况和今后打算；<BR>（6）江西浙大中凯科技园发展有限公司总经理朱亚芳校友汇报公司运作情况和今后打算；<BR>（7）名誉会长钱梓弘校友讲话；<BR>（8）自由发言：围绕王明善、钱梓弘两位校友的讲话开展讨论；<BR>主题是1、对如何搞好南昌求是科技咨询有限公司校友会这一独资公司出主意、出好主意，提供并帮助联系确定项目。2、对省校合作的两个重点项目：江西浙大中凯科技园发展有限公司和江西浙大网新科技有限公司的进一步发展和建设，提出好意见和提供好项目。<BR>（9）集体合影。<BR>王明善会长在工作报告中回顾了自2003年2月20日召开常务理事大会以来的校友会经历的九件大事后，明确指出了校友会自身建设的不促之处有：校友会联络工作力度还不够，求是公司业务开展的步伐还不够大，校友们参与校友会工作热情不够高；并在此，希望全体校友同心协力，以更大的热情、更多的信息支持校友会工作和求是公司工作；希望省校合作项目中的中凯和网新这两个项目有新的发展。<BR>会议一致同意，由于校友会与副秘书长杨成勇（男，星火化工厂厂长），常务理事：刘东（男，江西省第二附属医院心内科副主任医师）、纪列（男，南昌华声通信有限公司总经理），理事陈素娥（女，江西省电子集团公司高级政工师）四位校友无法取得联系，建议他们不再担任校友会副秘书长、常务理事和理事职务。此外，会议还一致同意，推选校友会原秘书长孙卫东（男，江西赣能股份有限公司总经理）为副会长兼秘书长；推选黄云（男，江西省环保科学研究院院长）、刘年风（女，江铃股份有限公司副总裁）两位校友为常务理事；增补任小鸿（男，江西省环境监察中心站高级工程师）、万贻鹏（男，江西省防洪抗旱指挥部办公室主任）、汤赛南（男，江西师大附中校长）、单世涛（男，江西浙大中凯科技园发展有限公司常务副总经理）、潘宏高（男，南昌求是科技咨询有限公司经理）五位校友为理事。<BR>名誉会长钱梓弘校友在会上提出了几点要求：1、不要太寄希望于省校层面的联络，要具体延伸到母校院系及所属公司实业实体的合作；2、把浙大中凯科技园问题摆在校友会2004年的首要重点工作；3、把江西网新的业务抓起来；4、把电力环保业务作为重点，采取多种措施做强做大求是公司；并在此，建议史良国校友与阮先创校友来校友会协助求是公司开展工作。在会的各位校友也一致表态，愿意为校友会的各项工作尽心尽力，为校友会多做贡献。<BR></FONT></P>', '2003,江西校友会,大事记', '0');
INSERT INTO `tbl_entity` VALUES ('23', '1', '九九重阳慰问75周岁及以上的老学长', '1', '0', '1207663500', '0', '&nbsp;&nbsp; 在九九重阳节即将来临之际，受会长王明善校友的委托，2006年10月24日至26日常务副秘书长费民达校友、理事潘宏高校友以及秘书处赖艳梅同志对在南昌地区的75周岁及以上的老学长开展慰问活动，为他们带去了浙大江西校友会及众多后辈校友们的良好祝愿和崇高的敬意，老学长们对开展这样的活动深表谢意并希望江西校友会在会长的领导下越办越好。 \r\n<DIV>\r\n<DIV align=center><B></B>&nbsp;</DIV>\r\n<DIV align=center><B></B>&nbsp;</DIV>\r\n<DIV align=center><B>致老学长的一封信</B></DIV>\r\n<DIV><B>尊敬的老学长：</B></DIV>\r\n<DIV>在九九重阳节来临之际，我们浙江大学江西校友会向你们和你们的爱人致以节日的问候和崇高的敬意！祝你们心情愉快、健康长寿、万事如意！老学长有的是在抗日战争时期，或在解放战争年代就读于被誉为“东方剑桥”的浙江大学。你们都有幸聆听竺可桢校长的教导和目睹竺校长的风采，有的解放初期就读于战争浴火中新生的浙江大学，见证了人民教育事业的蓬勃发展，你们是“求是”校训的忠实践行者，也是我们后辈校友们的学习榜样！</DIV>\r\n<DIV>我们浙江大学江西校友会是在2000年8月经省民政厅、省教育厅批准成立的社会团体。校友会的宗旨是：1.遵照江西省长黄智权校友的指示，为促进江西省与浙江大学进行全方位、多层次、宽领域的长期合作，积极配合、牵线搭桥、团结广大校友为母校争光，为促进江西经济发展作贡献。2.为校友间联络感情、互通信息，及时交流教学、生产、科研和经营等方面的经验，提供平台并积极主动的做好服务工作。为此，我们自2001年校友会成立之日起就积极促成了浙大和江西省主要领导张浚生书记、潘云鹤校长和江西省委书记孟建柱、省长黄智权的省校间互相访问，正式签订了省校全面合作协议，包括建立浙江大学科技园（江西）和江西浙大网新软件园两个园区。特别浙大科技园江西园区这是母校在外省建立的唯一的科技园区，这不仅令我们江西校友会引以自豪，也令全国各省市兄弟校友会羡慕不已。现在两个园区第一期工程已基本完成，即将交付使用。</DIV>\r\n<DIV>浙大江西校友会是全体浙大在赣校友的家，我们将在重阳节对居住在南昌地区的75周岁以上（含75周岁）的老学长开展慰问活动（以后待取得经验再逐渐拓宽到南昌以外地区校友和70周岁以上校友）以表我们对老校友们的崇敬之意。</DIV>\r\n<DIV>各位老学长年事已高，如果有暇欢迎你们到校友会秘书处来走走、坐坐、聊聊，秘书处地址是：<B>江西省南昌市高新开发区火炬大街199号702室，联系人：费民达校友,电话：0791-8112963。</B>校友会已开通自己的网站，有兴趣可以打开你的电脑，点击网址：www.zujxaa.com.cn，看看我们江西校友会的活动动态和母校的日新月异的变化。我们也热诚欢迎老学长们对校友会工作提出宝贵意见和建议，帮助我们改进工作。</DIV>\r\n<DIV>&nbsp;&nbsp;&nbsp;&nbsp;&nbsp;&nbsp;&nbsp;&nbsp;&nbsp;&nbsp;&nbsp;&nbsp;&nbsp;&nbsp;&nbsp; <B>顺致</B></DIV>\r\n<DIV><B></B>&nbsp;</DIV>\r\n<DIV><B>金安！</B></DIV>\r\n<DIV>&nbsp;</DIV>\r\n<DIV>&nbsp;</DIV>\r\n<DIV>&nbsp;&nbsp;&nbsp;&nbsp;&nbsp;&nbsp;&nbsp;&nbsp;&nbsp;&nbsp;&nbsp;&nbsp;&nbsp;&nbsp;&nbsp;&nbsp;&nbsp;&nbsp;&nbsp;&nbsp;&nbsp;&nbsp;&nbsp;&nbsp;&nbsp;&nbsp;&nbsp;&nbsp;&nbsp;&nbsp;&nbsp;&nbsp;&nbsp;&nbsp;&nbsp;&nbsp;&nbsp;&nbsp;&nbsp;&nbsp;&nbsp;&nbsp;&nbsp;&nbsp;&nbsp;&nbsp;&nbsp;&nbsp;&nbsp;&nbsp;&nbsp;&nbsp;&nbsp;&nbsp;&nbsp;&nbsp;&nbsp;&nbsp;&nbsp;&nbsp;&nbsp;&nbsp;&nbsp;&nbsp;&nbsp;&nbsp;&nbsp;&nbsp;&nbsp;&nbsp;&nbsp;&nbsp;&nbsp;&nbsp;&nbsp;&nbsp;&nbsp;&nbsp;&nbsp;&nbsp;&nbsp;&nbsp;&nbsp;&nbsp;&nbsp;&nbsp;&nbsp;&nbsp; &nbsp;<B>浙江大学江西校友会</B></DIV>\r\n<DIV><B>&nbsp;&nbsp;&nbsp;&nbsp;&nbsp;&nbsp;&nbsp;&nbsp;&nbsp;&nbsp;&nbsp;&nbsp;&nbsp;&nbsp;&nbsp;&nbsp;&nbsp;&nbsp;&nbsp; &nbsp;&nbsp;&nbsp;&nbsp;&nbsp;&nbsp;&nbsp;&nbsp;&nbsp;&nbsp;&nbsp;&nbsp;&nbsp;&nbsp;&nbsp;&nbsp;&nbsp;&nbsp;&nbsp;&nbsp;&nbsp;&nbsp;&nbsp;&nbsp;&nbsp;&nbsp;&nbsp;&nbsp;&nbsp;&nbsp;&nbsp;&nbsp;&nbsp;&nbsp;&nbsp;&nbsp;&nbsp;&nbsp;&nbsp;&nbsp;&nbsp;&nbsp;&nbsp;&nbsp;&nbsp;&nbsp;&nbsp;&nbsp;&nbsp;&nbsp;&nbsp;&nbsp;&nbsp;&nbsp;&nbsp;&nbsp;&nbsp;&nbsp;&nbsp;&nbsp;&nbsp;&nbsp;&nbsp;&nbsp;&nbsp;&nbsp;&nbsp;&nbsp;&nbsp;&nbsp;&nbsp;&nbsp;&nbsp;&nbsp; </B><B>二00六年十月</B></DIV></DIV>', '慰问,老学长,学长', '0');
INSERT INTO `tbl_entity` VALUES ('24', '1', '各学院、校友总会、校庆办联系人通讯录', '1', '0', '1207663560', '0', '<DIV align=center><B>各学院、校友总会、校庆办联系人通讯录</B></DIV>\r\n<DIV><B></B>&nbsp;</DIV>\r\n<DIV align=center>\r\n<TABLE cellSpacing=0 cellPadding=0 border=1>\r\n<TBODY>\r\n<TR>\r\n<TD vAlign=top width=91>\r\n<DIV><U>单位名称</U><U></U></DIV></TD>\r\n<TD vAlign=top width=60>\r\n<DIV><U>姓名</U><U></U></DIV></TD>\r\n<TD vAlign=top width=120>\r\n<DIV><U>职务</U><U></U></DIV></TD>\r\n<TD vAlign=top width=84>\r\n<DIV><U>办公电话</U><U></U></DIV></TD>\r\n<TD vAlign=top width=156>\r\n<DIV><U>电子邮箱</U><U></U></DIV></TD></TR>\r\n<TR>\r\n<TD vAlign=top width=91>\r\n<DIV><U>经济学院</U><U></U></DIV></TD>\r\n<TD vAlign=top width=60>\r\n<DIV><U>黄</U><U>&nbsp;&nbsp; </U><U>勇</U><U></U></DIV></TD>\r\n<TD vAlign=top width=120>\r\n<DIV><U>党政办主任</U><U></U></DIV></TD>\r\n<TD vAlign=top width=84>\r\n<DIV><U>87951614</U></DIV></TD>\r\n<TD vAlign=top width=156>\r\n<DIV><U>Cec_hy@zju.edu.cn</U></DIV></TD></TR>\r\n<TR>\r\n<TD vAlign=top width=91>\r\n<DIV><U>法学院</U><U></U></DIV></TD>\r\n<TD vAlign=top width=60>\r\n<DIV><U>林</U><U>&nbsp; </U><U>俐</U><U></U></DIV></TD>\r\n<TD vAlign=top width=120>\r\n<DIV><U>党政办主任</U><U></U></DIV></TD>\r\n<TD vAlign=top width=84>\r\n<DIV><U>88273235</U></DIV></TD>\r\n<TD vAlign=top width=156>\r\n<DIV><U><A href=\\\"mailto:zdfxylin@zju.edu.cn\\\">zdfxylin@zju.edu.cn</A></U></DIV></TD></TR>\r\n<TR>\r\n<TD vAlign=top width=91>\r\n<DIV><U>理学院</U><U></U></DIV></TD>\r\n<TD vAlign=top width=60>\r\n<DIV><U>阮晓声</U><U></U></DIV></TD>\r\n<TD vAlign=top width=120>\r\n<DIV><U>党委副书记</U><U></U></DIV></TD>\r\n<TD vAlign=top width=84>\r\n<DIV><U>87952692</U></DIV></TD>\r\n<TD vAlign=top width=156>\r\n<DIV><U>lxydb@zju.edu.cn</U></DIV></TD></TR>\r\n<TR>\r\n<TD vAlign=top width=91>\r\n<DIV><U>材料化工学院</U><U></U></DIV></TD>\r\n<TD vAlign=top width=60>\r\n<DIV><U>房</U><U>&nbsp;&nbsp;</U><U>迪</U><U></U></DIV></TD>\r\n<TD vAlign=bottom width=120>\r\n<DIV><U>党政办主任</U><U></U></DIV></TD>\r\n<TD vAlign=bottom width=84>\r\n<DIV><U>87951237</U></DIV></TD>\r\n<TD vAlign=top width=156>\r\n<DIV><U>fangd@zju.edu.cn</U></DIV></TD></TR>\r\n<TR>\r\n<TD vAlign=top width=91>\r\n<DIV><U>环境与资源学院</U><U></U></DIV></TD>\r\n<TD vAlign=top width=60>\r\n<DIV><U>胡义镰</U><U></U></DIV></TD>\r\n<TD vAlign=top width=120>\r\n<DIV><U>办公室主任</U><U></U></DIV></TD>\r\n<TD vAlign=top width=84>\r\n<DIV><U>86971951</U></DIV></TD>\r\n<TD vAlign=top width=156>\r\n<DIV><U>ylhu@zju.edu.cn</U></DIV></TD></TR>\r\n<TR>\r\n<TD vAlign=top width=91>\r\n<DIV><U>农学院</U><U></U></DIV></TD>\r\n<TD vAlign=top width=60>\r\n<DIV><U>王晓燕</U><U></U></DIV></TD>\r\n<TD width=120>\r\n<DIV><U>党政办主任</U><U></U></DIV></TD>\r\n<TD width=84>\r\n<DIV><U>86971498</U></DIV></TD>\r\n<TD width=156>\r\n<DIV><U>dzb.cab@zju.edu.cn</U></DIV></TD></TR>\r\n<TR>\r\n<TD vAlign=top width=91>\r\n<DIV><U>建筑工程学院</U><U></U></DIV></TD>\r\n<TD vAlign=top width=60>\r\n<DIV><U>张众伟</U><U></U></DIV></TD>\r\n<TD vAlign=top width=120>\r\n<DIV><U>党政办主任</U><U></U></DIV></TD>\r\n<TD vAlign=top width=84>\r\n<DIV><U>87951339</U></DIV></TD>\r\n<TD vAlign=top width=156>\r\n<DIV><U>jgoffice@zju.edu.cn</U></DIV></TD></TR>\r\n<TR>\r\n<TD vAlign=top width=91>\r\n<DIV><U>电气工程学院</U><U></U></DIV></TD>\r\n<TD vAlign=top width=60>\r\n<DIV><U>蔡际令</U><U></U></DIV></TD>\r\n<TD vAlign=top width=120>\r\n<DIV><U>党政办主任</U><U></U></DIV></TD>\r\n<TD vAlign=top width=84>\r\n<DIV><U>87952707</U></DIV></TD>\r\n<TD vAlign=top width=156>\r\n<DIV><U>Party@zju.edu.cn</U></DIV></TD></TR>\r\n<TR>\r\n<TD vAlign=top width=91>\r\n<DIV><U>信息学院</U><U></U></DIV></TD>\r\n<TD vAlign=top width=60>\r\n<DIV><U>朱</U><U>&nbsp; </U><U>坚</U><U></U></DIV></TD>\r\n<TD vAlign=top width=120>\r\n<DIV><U>院办副主任</U><U></U></DIV></TD>\r\n<TD vAlign=top width=84>\r\n<DIV><U>87952316</U></DIV></TD>\r\n<TD vAlign=top width=156>\r\n<DIV><U></U>&nbsp;</DIV></TD></TR>\r\n<TR>\r\n<TD vAlign=top width=91>\r\n<DIV><U>管理学院</U><U></U></DIV></TD>\r\n<TD vAlign=top width=60>\r\n<DIV><U>孙建平</U><U></U></DIV></TD>\r\n<TD vAlign=top width=120>\r\n<DIV><U>院长助理</U><U></U></DIV></TD>\r\n<TD vAlign=top width=84>\r\n<DIV><U>88206816</U></DIV></TD>\r\n<TD vAlign=top width=156>\r\n<DIV><U>sunjp@zju.edu.cn</U></DIV></TD></TR>\r\n<TR>\r\n<TD vAlign=top width=91>\r\n<DIV><U>外语学院</U><U></U></DIV></TD>\r\n<TD vAlign=top width=60>\r\n<DIV><U>徐</U><U>&nbsp; </U><U>斌</U><U></U></DIV></TD>\r\n<TD vAlign=top width=120>\r\n<DIV><U>党总支书记</U><U></U></DIV></TD>\r\n<TD vAlign=top width=84>\r\n<DIV><U>88206175</U></DIV></TD>\r\n<TD vAlign=top width=156>\r\n<DIV><U>xubin@zju.edu.cn</U></DIV></TD></TR>\r\n<TR>\r\n<TD vAlign=top width=91>\r\n<DIV><U>生命科学学院</U><U></U></DIV></TD>\r\n<TD vAlign=top width=60>\r\n<DIV><U>项品辉</U><U></U></DIV></TD>\r\n<TD vAlign=top width=120>\r\n<DIV><U>党政办主任</U><U></U></DIV></TD>\r\n<TD vAlign=top width=84>\r\n<DIV><U>88206487</U></DIV></TD>\r\n<TD vAlign=top width=156>\r\n<DIV><U>lscxph@zju.edu.cn</U></DIV></TD></TR>\r\n<TR>\r\n<TD vAlign=top width=91>\r\n<DIV><U>生物工程与食品学院</U><U></U></DIV></TD>\r\n<TD width=60>\r\n<DIV><U>邹黎明</U><U></U></DIV></TD>\r\n<TD width=120>\r\n<DIV><U>院办主任</U><U></U></DIV></TD>\r\n<TD width=84>\r\n<DIV><U>86971139</U></DIV></TD>\r\n<TD width=156>\r\n<DIV><U><A href=\\\"mailto:lmzou@zju.edu.cn\\\">lmzou@zju.edu.cn</A></U></DIV></TD></TR>\r\n<TR>\r\n<TD vAlign=top width=91>\r\n<DIV><U>动物科学学院</U><U></U></DIV></TD>\r\n<TD vAlign=top width=60>\r\n<DIV><U>郝丽萍</U><U></U></DIV></TD>\r\n<TD vAlign=top width=120>\r\n<DIV><U>党政办主任</U><U></U></DIV></TD>\r\n<TD vAlign=top width=84>\r\n<DIV><U>86971310</U></DIV></TD>\r\n<TD vAlign=top width=156>\r\n<DIV><U>haaoliping@zju.edu.cn</U></DIV></TD></TR>\r\n<TR>\r\n<TD vAlign=top width=91>\r\n<DIV><U>计算机学院</U><U></U></DIV></TD>\r\n<TD width=60>\r\n<DIV><U>彭列平</U><U></U></DIV></TD>\r\n<TD width=120>\r\n<DIV><U>党政办主任</U><U></U></DIV></TD>\r\n<TD width=84>\r\n<DIV><U>87951250</U></DIV></TD>\r\n<TD width=156>\r\n<DIV><U>plp@cs.zju.edu.cn</U></DIV></TD></TR>\r\n<TR>\r\n<TD vAlign=top width=91>\r\n<DIV><U>医学院</U><U></U></DIV></TD>\r\n<TD vAlign=top width=60>\r\n<DIV><U>许正平</U><U></U></DIV></TD>\r\n<TD vAlign=top width=120>\r\n<DIV><U>副院长</U><U></U></DIV></TD>\r\n<TD vAlign=top width=84>\r\n<DIV><U>88208008</U></DIV></TD>\r\n<TD vAlign=top width=156>\r\n<DIV><U>zpxu@zju.edu.cn</U></DIV></TD></TR>\r\n<TR>\r\n<TD vAlign=top width=91>\r\n<DIV><U>教育学院</U><U></U></DIV></TD>\r\n<TD vAlign=bottom width=60>\r\n<DIV><U>管依群</U><U></U></DIV></TD>\r\n<TD vAlign=bottom width=120>\r\n<DIV><U>院长助理</U><U></U></DIV></TD>\r\n<TD vAlign=bottom width=84>\r\n<DIV><U>88273096</U></DIV></TD>\r\n<TD vAlign=bottom width=156>\r\n<DIV><U>jyxy06@zju.edu.cn</U></DIV></TD></TR>\r\n<TR>\r\n<TD vAlign=top width=91>\r\n<DIV><U>人文学院</U><U></U></DIV></TD>\r\n<TD vAlign=top width=60>\r\n<DIV><U>成光林</U><U></U></DIV></TD>\r\n<TD vAlign=top width=120>\r\n<DIV><U>党政办主任</U><U></U></DIV></TD>\r\n<TD vAlign=top width=84>\r\n<DIV><U>88273103</U></DIV></TD>\r\n<TD vAlign=top width=156>\r\n<DIV><U>rwxyb@zju.edu.cn</U></DIV></TD></TR>\r\n<TR>\r\n<TD vAlign=top width=91>\r\n<DIV><U>机械与能源学院</U><U></U></DIV></TD>\r\n<TD width=60>\r\n<DIV><U>封亚先</U><U></U></DIV></TD>\r\n<TD width=120>\r\n<DIV><U>院办主任</U><U></U></DIV></TD>\r\n<TD width=84>\r\n<DIV><U>87951168</U></DIV></TD>\r\n<TD width=156>\r\n<DIV><U>cmee_yxfeng@emb.</U></DIV>\r\n<DIV><U>zju.edu.cn</U></DIV></TD></TR>\r\n<TR>\r\n<TD vAlign=top width=91>\r\n<DIV><U>生物医学与仪器学院</U><U></U></DIV></TD>\r\n<TD vAlign=top width=60>\r\n<DIV><U>钱鸣奇</U><U></U></DIV></TD>\r\n<TD vAlign=top width=120>\r\n<DIV><U>党政办主任</U><U></U></DIV></TD>\r\n<TD vAlign=top width=84>\r\n<DIV><U>87951249</U></DIV></TD>\r\n<TD vAlign=top width=156>\r\n<DIV><U><A href=\\\"mailto:qmq@mail.bme.zju.edu.cn\\\">qmq@mail.bme.zju.edu.cn</A></U></DIV></TD></TR>\r\n<TR>\r\n<TD vAlign=top width=91>\r\n<DIV><U>公共管理学院</U><U></U></DIV></TD>\r\n<TD vAlign=top width=60>\r\n<DIV><U>徐伟红</U><U></U></DIV></TD>\r\n<TD vAlign=top width=120>\r\n<DIV><U>党政办主任</U><U></U></DIV></TD>\r\n<TD vAlign=top width=84>\r\n<DIV><U>87953820</U></DIV></TD>\r\n<TD vAlign=top width=156>\r\n<DIV><U>cec_tianqi@zju.edu.cn</U></DIV></TD></TR>\r\n<TR>\r\n<TD vAlign=top width=91>\r\n<DIV><U>药学院</U><U></U></DIV></TD>\r\n<TD vAlign=top width=60>\r\n<DIV><U>刘</U><U>&nbsp; </U><U>伟</U><U></U></DIV></TD>\r\n<TD vAlign=top width=120>\r\n<DIV><U>党政办主任</U><U></U></DIV></TD>\r\n<TD vAlign=top width=84>\r\n<DIV><U>88208444</U></DIV></TD>\r\n<TD vAlign=top width=156>\r\n<DIV><U>pharma@zju.edu.cn</U></DIV></TD></TR>\r\n<TR>\r\n<TD vAlign=top width=91>\r\n<DIV><U>传媒学院</U><U></U></DIV></TD>\r\n<TD vAlign=top width=60>\r\n<DIV><U>罗金鑫</U><U></U></DIV></TD>\r\n<TD vAlign=top width=120>\r\n<DIV><U>院办主任</U><U></U></DIV></TD>\r\n<TD vAlign=top width=84>\r\n<DIV><U>87951596</U></DIV></TD>\r\n<TD vAlign=top width=156>\r\n<DIV><U></U>&nbsp;</DIV></TD></TR>\r\n<TR>\r\n<TD vAlign=top width=91>\r\n<DIV><U>航空航天学院</U><U></U></DIV></TD>\r\n<TD vAlign=top width=60>\r\n<DIV><U>毛晓华</U><U></U></DIV></TD>\r\n<TD vAlign=top width=120>\r\n<DIV><U>院办主任</U><U></U></DIV></TD>\r\n<TD vAlign=top width=84>\r\n<DIV><U>87952570</U></DIV></TD>\r\n<TD vAlign=top width=156>\r\n<DIV><U>xhmao@zju.edu.cn</U></DIV></TD></TR>\r\n<TR>\r\n<TD vAlign=top width=91 rowSpan=5>\r\n<DIV><U>校友总会秘书处</U><U></U></DIV></TD>\r\n<TD vAlign=top width=60>\r\n<DIV><U>张美凤</U><U></U></DIV></TD>\r\n<TD vAlign=top width=120>\r\n<DIV><U>秘书长</U><U></U></DIV></TD>\r\n<TD width=84>\r\n<DIV><U>87953346</U></DIV></TD>\r\n<TD width=156>\r\n<DIV><U>zhangmf@zju.edu.cn</U></DIV></TD></TR>\r\n<TR>\r\n<TD vAlign=top width=60>\r\n<DIV><U>周坚</U><U></U></DIV></TD>\r\n<TD vAlign=top width=120>\r\n<DIV><U>副秘书长</U><U></U></DIV></TD>\r\n<TD width=84>\r\n<DIV><U>87953346</U></DIV></TD>\r\n<TD width=156>\r\n<DIV><U>zhouj@zju.edu.cn</U></DIV></TD></TR>\r\n<TR>\r\n<TD vAlign=top width=60>\r\n<DIV><U>吴晨</U><U></U></DIV></TD>\r\n<TD vAlign=top width=120>\r\n<DIV><U>办公室主任</U><U></U></DIV></TD>\r\n<TD width=84>\r\n<DIV><U>87951019</U></DIV></TD>\r\n<TD width=156>\r\n<DIV><U>wuchen@zju.edu.cn</U></DIV></TD></TR>\r\n<TR>\r\n<TD vAlign=top width=60>\r\n<DIV><U>庄代波</U><U></U></DIV></TD>\r\n<TD vAlign=top width=120>\r\n<DIV><U>办公室副主任</U><U></U></DIV></TD>\r\n<TD vAlign=top width=84>\r\n<DIV><U>87952225</U></DIV></TD>\r\n<TD vAlign=top width=156>\r\n<DIV><U>zhuangdb@zju.edu.cn</U></DIV></TD></TR>\r\n<TR>\r\n<TD vAlign=top width=60>\r\n<DIV><U>包永平</U><U></U></DIV></TD>\r\n<TD vAlign=top width=120>\r\n<DIV><U>办公室副主任</U><U></U></DIV></TD>\r\n<TD vAlign=top width=84>\r\n<DIV><U>87953347</U></DIV></TD>\r\n<TD vAlign=top width=156>\r\n<DIV><U>baoyp@zju.edu.cn</U></DIV></TD></TR>\r\n<TR>\r\n<TD vAlign=top width=91>\r\n<DIV><U>校庆办</U><U></U></DIV></TD>\r\n<TD vAlign=top width=60>\r\n<DIV><U>楼正国</U><U></U></DIV></TD>\r\n<TD vAlign=top width=120>\r\n<DIV><U>常务副主任</U><U></U></DIV></TD>\r\n<TD width=84>\r\n<DIV><U>87952100</U></DIV>\r\n<DIV><U>87952122</U></DIV></TD>\r\n<TD width=156>\r\n<DIV><U>xq110@zju.edu.cn</U></DIV></TD></TR></TBODY></TABLE></DIV>\r\n<DIV>&nbsp;</DIV>', '通讯录,联系', '0');
INSERT INTO `tbl_user` VALUES ('1', 'admin', '4297f44b13955235245b2497399d7a93', 'admin', null);
INSERT INTO `tbl_user` VALUES ('2', 'public2', '4297f44b13955235245b2497399d7a93', 'staff', '1|2');
